a,b,c
Alexander Peartree,Aglianico                 ,84
Alexander Peartree,AlbariÃ±o                 ,86
Alexander Peartree,Auxerrois                 ,87
Alexander Peartree,Barbera                   ,85
Alexander Peartree,Blanc du Bois             ,85
Alexander Peartree,Bordeaux-style Red Blend  ,86
Alexander Peartree,Cabernet Franc            ,86
Alexander Peartree,Cabernet Franc-Merlot     ,89
Alexander Peartree,Cabernet Merlot           ,85
Alexander Peartree,Cabernet Sauvignon        ,86
Alexander Peartree,CarmenÃ¨re                ,84
Alexander Peartree,Champagne Blend           ,85
Alexander Peartree,Chardonnay                ,85
Alexander Peartree,Cinsault                  ,86
Alexander Peartree,FumÃ© Blanc               ,84
Alexander Peartree,G-S-M                     ,83
Alexander Peartree,Gamay                     ,87
Alexander Peartree,GewÃ¼rztraminer           ,85
Alexander Peartree,GrÃ¼ner Veltliner         ,86
Alexander Peartree,Jacquez                   ,85
Alexander Peartree,Lemberger                 ,87
Alexander Peartree,Malbec                    ,87
Alexander Peartree,Meritage                  ,87
Alexander Peartree,Merlot                    ,85
Alexander Peartree,Merlot-Cabernet Franc     ,88
Alexander Peartree,Montepulciano             ,84
Alexander Peartree,MourvÃ¨dre                ,85
Alexander Peartree,Nebbiolo                  ,84
Alexander Peartree,Nero d'Avola              ,86
Alexander Peartree,Petit Manseng             ,84
Alexander Peartree,Petit Verdot              ,86
Alexander Peartree,Petite Sirah              ,84
Alexander Peartree,Pinot Blanc               ,85
Alexander Peartree,Pinot Grigio              ,83
Alexander Peartree,Pinot Gris                ,84
Alexander Peartree,Pinot Noir                ,87
Alexander Peartree,Pinotage                  ,87
Alexander Peartree,Piquepoul Blanc           ,88
Alexander Peartree,Port                      ,84
Alexander Peartree,Primitivo                 ,85
Alexander Peartree,Red Blend                 ,86
Alexander Peartree,RhÃ´ne-style Red Blend    ,86
Alexander Peartree,Riesling                  ,86
Alexander Peartree,Rkatsiteli                ,83
Alexander Peartree,RosÃ©                     ,85
Alexander Peartree,Roussanne                 ,85
Alexander Peartree,Sangiovese                ,84
Alexander Peartree,Sauvignon Blanc           ,86
Alexander Peartree,Sherry                    ,86
Alexander Peartree,Sparkling Blend           ,85
Alexander Peartree,Syrah                     ,85
Alexander Peartree,Syrah-Viognier            ,84
Alexander Peartree,Tannat                    ,88
Alexander Peartree,Tempranillo               ,86
Alexander Peartree,Touriga                   ,90
Alexander Peartree,Touriga Nacional          ,84
Alexander Peartree,Traminette                ,84
Alexander Peartree,Trebbiano                 ,86
Alexander Peartree,Vermentino                ,84
Alexander Peartree,Vignoles                  ,88
Alexander Peartree,Viognier                  ,85
Alexander Peartree,White Blend               ,83
Anna Lee C. Iijima,AlbariÃ±o                 ,85
Anna Lee C. Iijima,Auxerrois                 ,89
Anna Lee C. Iijima,Bacchus                   ,91
Anna Lee C. Iijima,Baco Noir                 ,86
Anna Lee C. Iijima,Barbera                   ,84
Anna Lee C. Iijima,Blauer Portugieser        ,86
Anna Lee C. Iijima,BlaufrÃ¤nkisch            ,87
Anna Lee C. Iijima,Bordeaux-style Red Blend  ,87
Anna Lee C. Iijima,Cabernet Franc            ,87
Anna Lee C. Iijima,Cabernet Franc-Cabernet Sa,86
Anna Lee C. Iijima,Cabernet Franc-Lemberger  ,87
Anna Lee C. Iijima,Cabernet Franc-Merlot     ,89
Anna Lee C. Iijima,Cabernet Moravia          ,85
Anna Lee C. Iijima,Cabernet Sauvignon        ,87
Anna Lee C. Iijima,Cabernet Sauvignon-Merlot ,87
Anna Lee C. Iijima,Cabernet-Syrah            ,88
Anna Lee C. Iijima,CarmenÃ¨re                ,92
Anna Lee C. Iijima,Cayuga                    ,85
Anna Lee C. Iijima,Chambourcin               ,85
Anna Lee C. Iijima,Champagne Blend           ,89
Anna Lee C. Iijima,Chardonnay                ,86
Anna Lee C. Iijima,Chardonnay-Riesling       ,87
Anna Lee C. Iijima,Chardonnay-Viognier       ,83
Anna Lee C. Iijima,Chelois                   ,85
Anna Lee C. Iijima,Chenin Blanc              ,90
Anna Lee C. Iijima,Chinuri                   ,87
Anna Lee C. Iijima,Diamond                   ,86
Anna Lee C. Iijima,Dornfelder                ,85
Anna Lee C. Iijima,Elbling                   ,87
Anna Lee C. Iijima,Feteasca Neagra           ,87
Anna Lee C. Iijima,FeteascÇŽ RegalÇŽ         ,87
Anna Lee C. Iijima,FrÃ¼burgunder             ,90
Anna Lee C. Iijima,Furmint                   ,86
Anna Lee C. Iijima,Gamay Noir                ,88
Anna Lee C. Iijima,GewÃ¼rztraminer           ,87
Anna Lee C. Iijima,GewÃ¼rztraminer-Riesling  ,87
Anna Lee C. Iijima,Grauburgunder             ,88
Anna Lee C. Iijima,Grenache                  ,88
Anna Lee C. Iijima,GrÃ¼ner Veltliner         ,86
Anna Lee C. Iijima,Irsai Oliver              ,87
Anna Lee C. Iijima,Kekfrankos                ,87
Anna Lee C. Iijima,Lemberger                 ,87
Anna Lee C. Iijima,Malbec                    ,88
Anna Lee C. Iijima,Malbec-Merlot             ,86
Anna Lee C. Iijima,Malvasia                  ,86
Anna Lee C. Iijima,Malvasia Istriana         ,87
Anna Lee C. Iijima,Marquette                 ,84
Anna Lee C. Iijima,Mavrud                    ,84
Anna Lee C. Iijima,Meritage                  ,87
Anna Lee C. Iijima,Merlot                    ,87
Anna Lee C. Iijima,Merlot-Cabernet           ,89
Anna Lee C. Iijima,Merlot-Cabernet Franc     ,87
Anna Lee C. Iijima,Montepulciano             ,86
Anna Lee C. Iijima,Moscato                   ,85
Anna Lee C. Iijima,Mtsvane                   ,90
Anna Lee C. Iijima,Muscat                    ,88
Anna Lee C. Iijima,Muskat Ottonel            ,86
Anna Lee C. Iijima,Muskateller               ,86
Anna Lee C. Iijima,MÃ¼ller-Thurgau           ,90
Anna Lee C. Iijima,Okuzgozu                  ,88
Anna Lee C. Iijima,Petit Verdot              ,88
Anna Lee C. Iijima,Petite Verdot             ,88
Anna Lee C. Iijima,Pinot Blanc               ,87
Anna Lee C. Iijima,Pinot Grigio              ,86
Anna Lee C. Iijima,Pinot Grigio-Sauvignon Bla,87
Anna Lee C. Iijima,Pinot Gris                ,87
Anna Lee C. Iijima,Pinot Noir                ,88
Anna Lee C. Iijima,Plavac Mali               ,87
Anna Lee C. Iijima,Posip                     ,88
Anna Lee C. Iijima,Red Blend                 ,87
Anna Lee C. Iijima,Ribolla Gialla            ,84
Anna Lee C. Iijima,Rieslaner                 ,89
Anna Lee C. Iijima,Riesling                  ,89
Anna Lee C. Iijima,Riesling-Chardonnay       ,94
Anna Lee C. Iijima,Rivaner                   ,86
Anna Lee C. Iijima,Rkatsiteli                ,87
Anna Lee C. Iijima,Rosato                    ,88
Anna Lee C. Iijima,RosÃ©                     ,87
Anna Lee C. Iijima,Sangiovese                ,85
Anna Lee C. Iijima,Saperavi                  ,86
Anna Lee C. Iijima,Saperavi-Merlot           ,84
Anna Lee C. Iijima,Sauvignon                 ,87
Anna Lee C. Iijima,Sauvignon Blanc           ,87
Anna Lee C. Iijima,Sauvignon Blanc-Semillon  ,90
Anna Lee C. Iijima,Scheurebe                 ,88
Anna Lee C. Iijima,Schwartzriesling          ,90
Anna Lee C. Iijima,Seyval Blanc              ,84
Anna Lee C. Iijima,Shiraz                    ,86
Anna Lee C. Iijima,Silvaner                  ,89
Anna Lee C. Iijima,Sparkling Blend           ,87
Anna Lee C. Iijima,SpÃ¤tburgunder            ,90
Anna Lee C. Iijima,St. Laurent               ,87
Anna Lee C. Iijima,Syrah                     ,87
Anna Lee C. Iijima,Syrah-Cabernet            ,85
Anna Lee C. Iijima,Syrah-Grenache            ,86
Anna Lee C. Iijima,SÃ©millon                 ,89
Anna Lee C. Iijima,Teran                     ,84
Anna Lee C. Iijima,Teroldego                 ,87
Anna Lee C. Iijima,Tocai Friulano            ,86
Anna Lee C. Iijima,Tokaji                    ,89
Anna Lee C. Iijima,Traminer                  ,85
Anna Lee C. Iijima,Traminette                ,86
Anna Lee C. Iijima,Trebbiano                 ,86
Anna Lee C. Iijima,Trollinger                ,90
Anna Lee C. Iijima,Valvin Muscat             ,87
Anna Lee C. Iijima,Vidal                     ,86
Anna Lee C. Iijima,Vidal Blanc               ,87
Anna Lee C. Iijima,Viognier                  ,86
Anna Lee C. Iijima,Vranec                    ,85
Anna Lee C. Iijima,Weissburgunder            ,89
Anna Lee C. Iijima,Welschriesling            ,84
Anna Lee C. Iijima,White Blend               ,86
Anna Lee C. Iijima,Zelen                     ,88
Anna Lee C. Iijima,Zweigelt                  ,88
Anne KrebiehlÂ MW ,Alsace white blend        ,90
Anne KrebiehlÂ MW ,Austrian Red Blend        ,90
Anne KrebiehlÂ MW ,Austrian white blend      ,90
Anne KrebiehlÂ MW ,Auxerrois                 ,89
Anne KrebiehlÂ MW ,Blauburgunder             ,93
Anne KrebiehlÂ MW ,BlaufrÃ¤nkisch            ,90
Anne KrebiehlÂ MW ,Cabernet Franc            ,92
Anne KrebiehlÂ MW ,Cabernet Franc-Merlot     ,92
Anne KrebiehlÂ MW ,Cabernet Sauvignon        ,87
Anne KrebiehlÂ MW ,Chardonnay                ,91
Anne KrebiehlÂ MW ,Chasselas                 ,89
Anne KrebiehlÂ MW ,Edelzwicker               ,90
Anne KrebiehlÂ MW ,Furmint                   ,91
Anne KrebiehlÂ MW ,Gelber Muskateller        ,89
Anne KrebiehlÂ MW ,Gelber Traminer           ,95
Anne KrebiehlÂ MW ,GewÃ¼rztraminer           ,90
Anne KrebiehlÂ MW ,Grauburgunder             ,89
Anne KrebiehlÂ MW ,GrÃ¼ner Veltliner         ,90
Anne KrebiehlÂ MW ,Merlot                    ,94
Anne KrebiehlÂ MW ,Morillon                  ,89
Anne KrebiehlÂ MW ,Muscat                    ,91
Anne KrebiehlÂ MW ,Muskat                    ,88
Anne KrebiehlÂ MW ,Muskat Ottonel            ,88
Anne KrebiehlÂ MW ,Neuburger                 ,90
Anne KrebiehlÂ MW ,Nielluciu                 ,89
Anne KrebiehlÂ MW ,Orangetraube              ,90
Anne KrebiehlÂ MW ,Pinot Auxerrois           ,88
Anne KrebiehlÂ MW ,Pinot Blanc               ,88
Anne KrebiehlÂ MW ,Pinot Gris                ,90
Anne KrebiehlÂ MW ,Pinot Noir                ,89
Anne KrebiehlÂ MW ,Red Blend                 ,90
Anne KrebiehlÂ MW ,Riesling                  ,91
Anne KrebiehlÂ MW ,RosÃ©                     ,88
Anne KrebiehlÂ MW ,Roter Traminer            ,90
Anne KrebiehlÂ MW ,Roter Veltliner           ,90
Anne KrebiehlÂ MW ,Rotgipfler                ,89
Anne KrebiehlÂ MW ,Sauvignon                 ,89
Anne KrebiehlÂ MW ,Sauvignon Blanc           ,89
Anne KrebiehlÂ MW ,Scheurebe                 ,92
Anne KrebiehlÂ MW ,Shiraz                    ,91
Anne KrebiehlÂ MW ,Sparkling Blend           ,89
Anne KrebiehlÂ MW ,St. Laurent               ,90
Anne KrebiehlÂ MW ,Sylvaner                  ,89
Anne KrebiehlÂ MW ,Syrah                     ,89
Anne KrebiehlÂ MW ,SÃ¤mling                  ,88
Anne KrebiehlÂ MW ,Traminer                  ,90
Anne KrebiehlÂ MW ,Weissburgunder            ,90
Anne KrebiehlÂ MW ,Welschriesling            ,90
Anne KrebiehlÂ MW ,White Blend               ,90
Anne KrebiehlÂ MW ,Zierfandler               ,90
Anne KrebiehlÂ MW ,Zierfandler-Rotgipfler    ,90
Anne KrebiehlÂ MW ,Zweigelt                  ,88
Carrie Dykes      ,AlbariÃ±o                 ,85
Carrie Dykes      ,Bordeaux-style Red Blend  ,87
Carrie Dykes      ,Cabernet Franc            ,86
Carrie Dykes      ,Cabernet Sauvignon        ,85
Carrie Dykes      ,CarmenÃ¨re                ,85
Carrie Dykes      ,Chambourcin               ,84
Carrie Dykes      ,Chardonnay                ,85
Carrie Dykes      ,Malbec                    ,86
Carrie Dykes      ,Meritage                  ,88
Carrie Dykes      ,Merlot                    ,87
Carrie Dykes      ,Muskat Ottonel            ,85
Carrie Dykes      ,Norton                    ,86
Carrie Dykes      ,Petit Manseng             ,85
Carrie Dykes      ,Petit Verdot              ,86
Carrie Dykes      ,Petite Verdot             ,88
Carrie Dykes      ,Pinot Gris                ,86
Carrie Dykes      ,Pinotage                  ,88
Carrie Dykes      ,Port                      ,87
Carrie Dykes      ,Red Blend                 ,87
Carrie Dykes      ,Riesling                  ,83
Carrie Dykes      ,Rkatsiteli                ,88
Carrie Dykes      ,RosÃ©                     ,85
Carrie Dykes      ,Sauvignon Blanc           ,87
Carrie Dykes      ,Seyval Blanc              ,85
Carrie Dykes      ,Tannat                    ,85
Carrie Dykes      ,Touriga                   ,88
Carrie Dykes      ,Vermentino                ,87
Carrie Dykes      ,Vidal                     ,85
Carrie Dykes      ,Vidal Blanc               ,85
Carrie Dykes      ,Viognier                  ,87
Carrie Dykes      ,White Blend               ,86
Christina Pickard ,Chardonnay                ,87
Christina Pickard ,Pinot Meunier             ,89
Christina Pickard ,Pinot Noir                ,87
Christina Pickard ,Sauvignon Blanc           ,82
Christina Pickard ,Shiraz                    ,93
Christina Pickard ,Sparkling Blend           ,89
Fiona Adams       ,Bordeaux-style Red Blend  ,86
Fiona Adams       ,Cabernet Franc            ,89
Fiona Adams       ,Cabernet Franc-Merlot     ,88
Fiona Adams       ,Cabernet Sauvignon        ,86
Fiona Adams       ,Cabernet Sauvignon-Sangiov,89
Fiona Adams       ,Chardonnay                ,85
Fiona Adams       ,Malbec                    ,86
Fiona Adams       ,Merlot                    ,87
Fiona Adams       ,Red Blend                 ,85
Fiona Adams       ,Sparkling Blend           ,86
Jeff Jenssen      ,Auxerrois                 ,90
Jeff Jenssen      ,BabiÄ‡                    ,88
Jeff Jenssen      ,Bastardo                  ,85
Jeff Jenssen      ,Blatina                   ,88
Jeff Jenssen      ,Blauburger                ,87
Jeff Jenssen      ,Blauer Portugieser        ,87
Jeff Jenssen      ,Bordeaux-style Red Blend  ,89
Jeff Jenssen      ,Cabernet Franc            ,88
Jeff Jenssen      ,Cabernet Moravia          ,88
Jeff Jenssen      ,Cabernet Sauvignon        ,87
Jeff Jenssen      ,Cabernet Sauvignon-Merlot ,89
Jeff Jenssen      ,Cabernet Sauvignon-Syrah  ,90
Jeff Jenssen      ,Chardonnay                ,88
Jeff Jenssen      ,Chasselas                 ,90
Jeff Jenssen      ,Debit                     ,89
Jeff Jenssen      ,Feteasca                  ,87
Jeff Jenssen      ,Feteasca Neagra           ,88
Jeff Jenssen      ,FeteascÇŽ RegalÇŽ         ,86
Jeff Jenssen      ,Frankovka                 ,88
Jeff Jenssen      ,Furmint                   ,90
Jeff Jenssen      ,Gamza                     ,89
Jeff Jenssen      ,GewÃ¼rztraminer           ,87
Jeff Jenssen      ,GraÅ¡evina                ,89
Jeff Jenssen      ,HÃ¡rslevelÃ¼              ,89
Jeff Jenssen      ,Kadarka                   ,88
Jeff Jenssen      ,Kekfrankos                ,88
Jeff Jenssen      ,Malbec                    ,89
Jeff Jenssen      ,Malvasia                  ,88
Jeff Jenssen      ,Malvasia Istriana         ,90
Jeff Jenssen      ,Mavrud                    ,89
Jeff Jenssen      ,Melnik                    ,88
Jeff Jenssen      ,Merlot                    ,87
Jeff Jenssen      ,Merlot-Cabernet Franc     ,90
Jeff Jenssen      ,Merlot-Cabernet Sauvignon ,87
Jeff Jenssen      ,Merlot-Syrah              ,89
Jeff Jenssen      ,Morava                    ,87
Jeff Jenssen      ,Moscato                   ,86
Jeff Jenssen      ,Muscat                    ,86
Jeff Jenssen      ,Muscat Hamburg            ,86
Jeff Jenssen      ,Muskat Ottonel            ,87
Jeff Jenssen      ,Pinot Grigio              ,87
Jeff Jenssen      ,Pinot Gris                ,88
Jeff Jenssen      ,Pinot Noir                ,87
Jeff Jenssen      ,Pinot Noir-Gamay          ,90
Jeff Jenssen      ,Plavac Mali               ,88
Jeff Jenssen      ,Portuguiser               ,86
Jeff Jenssen      ,Posip                     ,87
Jeff Jenssen      ,Rara Neagra               ,89
Jeff Jenssen      ,Rebula                    ,88
Jeff Jenssen      ,Red Blend                 ,88
Jeff Jenssen      ,Refosco                   ,86
Jeff Jenssen      ,Ribolla Gialla            ,89
Jeff Jenssen      ,Riesling                  ,87
Jeff Jenssen      ,Rkatsiteli                ,88
Jeff Jenssen      ,RosÃ©                     ,87
Jeff Jenssen      ,Ryzlink RÃ½nskÃ½          ,89
Jeff Jenssen      ,Saperavi                  ,82
Jeff Jenssen      ,Sauvignon                 ,88
Jeff Jenssen      ,Sauvignon Blanc           ,87
Jeff Jenssen      ,Sauvignonasse             ,90
Jeff Jenssen      ,Shiraz                    ,87
Jeff Jenssen      ,Sparkling Blend           ,84
Jeff Jenssen      ,St. Laurent               ,88
Jeff Jenssen      ,Syrah                     ,88
Jeff Jenssen      ,Tamianka                  ,89
Jeff Jenssen      ,Tamjanika                 ,88
Jeff Jenssen      ,Teran                     ,89
Jeff Jenssen      ,Tokaji                    ,92
Jeff Jenssen      ,Traminer                  ,88
Jeff Jenssen      ,TÄƒmÃ¢ioasÄƒ RomÃ¢neascÄƒ ,88
Jeff Jenssen      ,Viognier                  ,89
Jeff Jenssen      ,Vitovska                  ,90
Jeff Jenssen      ,Vranac                    ,86
Jeff Jenssen      ,Vranec                    ,89
Jeff Jenssen      ,White Blend               ,89
Jeff Jenssen      ,Zlahtina                  ,88
Jeff Jenssen      ,Zweigelt                  ,90
Jeff Jenssen      ,Å½ilavka                  ,88
Jim Gordon        ,Aglianico                 ,90
Jim Gordon        ,AlbariÃ±o                 ,87
Jim Gordon        ,Alicante Bouschet         ,89
Jim Gordon        ,Arneis                    ,89
Jim Gordon        ,Barbera                   ,88
Jim Gordon        ,Black Muscat              ,89
Jim Gordon        ,Bordeaux-style Red Blend  ,89
Jim Gordon        ,Cabernet Franc            ,88
Jim Gordon        ,Cabernet Merlot           ,83
Jim Gordon        ,Cabernet Sauvignon        ,88
Jim Gordon        ,Cabernet-Shiraz           ,86
Jim Gordon        ,Carignan                  ,89
Jim Gordon        ,Carignane                 ,89
Jim Gordon        ,CarmenÃ¨re                ,88
Jim Gordon        ,Champagne Blend           ,94
Jim Gordon        ,Charbono                  ,89
Jim Gordon        ,Chardonnay                ,87
Jim Gordon        ,Chenin Blanc              ,88
Jim Gordon        ,Chenin Blanc-Viognier     ,88
Jim Gordon        ,Cinsault                  ,90
Jim Gordon        ,Clairette                 ,89
Jim Gordon        ,Claret                    ,90
Jim Gordon        ,Colombard                 ,87
Jim Gordon        ,Dolcetto                  ,90
Jim Gordon        ,Edelzwicker               ,89
Jim Gordon        ,Fiano                     ,87
Jim Gordon        ,FumÃ© Blanc               ,83
Jim Gordon        ,G-S-M                     ,90
Jim Gordon        ,Garnacha                  ,84
Jim Gordon        ,GewÃ¼rztraminer           ,89
Jim Gordon        ,Graciano                  ,89
Jim Gordon        ,Grenache                  ,88
Jim Gordon        ,Grenache Blanc            ,88
Jim Gordon        ,Grenache-Syrah            ,89
Jim Gordon        ,GrÃ¼ner Veltliner         ,89
Jim Gordon        ,Kerner                    ,90
Jim Gordon        ,Malbec                    ,88
Jim Gordon        ,Malvasia Bianca           ,88
Jim Gordon        ,Marsanne                  ,90
Jim Gordon        ,Marsanne-Roussanne        ,89
Jim Gordon        ,Meritage                  ,90
Jim Gordon        ,Merlot                    ,87
Jim Gordon        ,Monastrell                ,91
Jim Gordon        ,Montepulciano             ,86
Jim Gordon        ,Moscato                   ,86
Jim Gordon        ,MourvÃ¨dre                ,89
Jim Gordon        ,Muscat                    ,88
Jim Gordon        ,Muscat Blanc              ,89
Jim Gordon        ,Muscat Blanc Ã  Petits Gra,87
Jim Gordon        ,Muscat Canelli            ,88
Jim Gordon        ,Muscat Hamburg            ,88
Jim Gordon        ,Nebbiolo                  ,87
Jim Gordon        ,Nero d'Avola              ,88
Jim Gordon        ,Orange Muscat             ,89
Jim Gordon        ,Palomino                  ,86
Jim Gordon        ,Petit Verdot              ,88
Jim Gordon        ,Petite Sirah              ,90
Jim Gordon        ,Petite Verdot             ,89
Jim Gordon        ,Picpoul                   ,88
Jim Gordon        ,Pinot Blanc               ,87
Jim Gordon        ,Pinot Grigio              ,86
Jim Gordon        ,Pinot Gris                ,88
Jim Gordon        ,Pinot Meunier             ,89
Jim Gordon        ,Pinot Noir                ,90
Jim Gordon        ,Port                      ,90
Jim Gordon        ,Primitivo                 ,88
Jim Gordon        ,Red Blend                 ,87
Jim Gordon        ,Refosco                   ,89
Jim Gordon        ,RhÃ´ne-style Red Blend    ,89
Jim Gordon        ,RhÃ´ne-style White Blend  ,91
Jim Gordon        ,Riesling                  ,87
Jim Gordon        ,Rosado                    ,87
Jim Gordon        ,Rosato                    ,87
Jim Gordon        ,RosÃ©                     ,87
Jim Gordon        ,Roussanne                 ,89
Jim Gordon        ,Roussanne-Marsanne        ,90
Jim Gordon        ,Roussanne-Viognier        ,89
Jim Gordon        ,Sangiovese                ,87
Jim Gordon        ,Sangiovese-Cabernet Sauvig,87
Jim Gordon        ,Sauvignon Blanc           ,87
Jim Gordon        ,Sauvignon Blanc-Semillon  ,94
Jim Gordon        ,Shiraz                    ,87
Jim Gordon        ,Souzao                    ,87
Jim Gordon        ,Sparkling Blend           ,88
Jim Gordon        ,Symphony                  ,88
Jim Gordon        ,Syrah                     ,90
Jim Gordon        ,Syrah-Grenache            ,91
Jim Gordon        ,SÃ©millon                 ,87
Jim Gordon        ,Tannat                    ,89
Jim Gordon        ,Tempranillo               ,89
Jim Gordon        ,Teroldego                 ,90
Jim Gordon        ,Tinta Madeira             ,89
Jim Gordon        ,Tocai Friulano            ,89
Jim Gordon        ,TorrontÃ©s                ,90
Jim Gordon        ,Touriga Nacional          ,89
Jim Gordon        ,Verdejo                   ,88
Jim Gordon        ,Verdelho                  ,88
Jim Gordon        ,Vermentino                ,89
Jim Gordon        ,Viognier                  ,89
Jim Gordon        ,Viognier-Roussanne        ,91
Jim Gordon        ,White Blend               ,88
Jim Gordon        ,Zinfandel                 ,89
Joe Czerwinski    ,Alvarinho                 ,83
Joe Czerwinski    ,Arinto                    ,83
Joe Czerwinski    ,Bordeaux-style Red Blend  ,88
Joe Czerwinski    ,Bordeaux-style White Blend,82
Joe Czerwinski    ,Cabernet Blend            ,88
Joe Czerwinski    ,Cabernet Franc            ,80
Joe Czerwinski    ,Cabernet Merlot           ,87
Joe Czerwinski    ,Cabernet Sauvignon        ,89
Joe Czerwinski    ,Cabernet Sauvignon-Merlot ,89
Joe Czerwinski    ,Cabernet Sauvignon-Merlot-,91
Joe Czerwinski    ,Cabernet Sauvignon-Sangiov,88
Joe Czerwinski    ,Cabernet Sauvignon-Shiraz ,89
Joe Czerwinski    ,Cabernet Sauvignon-Syrah  ,88
Joe Czerwinski    ,Cabernet-Shiraz           ,96
Joe Czerwinski    ,Champagne Blend           ,86
Joe Czerwinski    ,Chardonnay                ,87
Joe Czerwinski    ,Chardonnay-Pinot Blanc    ,87
Joe Czerwinski    ,Chardonnay-Semillon       ,89
Joe Czerwinski    ,Chenin Blanc              ,89
Joe Czerwinski    ,Clairette                 ,88
Joe Czerwinski    ,Durif                     ,86
Joe Czerwinski    ,G-S-M                     ,89
Joe Czerwinski    ,Garganega                 ,88
Joe Czerwinski    ,GewÃ¼rztraminer           ,86
Joe Czerwinski    ,GewÃ¼rztraminer-Riesling  ,88
Joe Czerwinski    ,Grenache                  ,89
Joe Czerwinski    ,Grenache-MourvÃ¨dre       ,92
Joe Czerwinski    ,Grenache-Shiraz           ,88
Joe Czerwinski    ,Grenache-Syrah            ,87
Joe Czerwinski    ,GrÃ¼ner Veltliner         ,88
Joe Czerwinski    ,Johannisberg Riesling     ,86
Joe Czerwinski    ,Loureiro                  ,84
Joe Czerwinski    ,Malbec                    ,88
Joe Czerwinski    ,Malvasia Istriana         ,84
Joe Czerwinski    ,Marsanne                  ,89
Joe Czerwinski    ,Marsanne-Roussanne        ,89
Joe Czerwinski    ,Mataro                    ,90
Joe Czerwinski    ,Merlot                    ,85
Joe Czerwinski    ,Merlot-Cabernet           ,88
Joe Czerwinski    ,Merlot-Cabernet Franc     ,89
Joe Czerwinski    ,Merlot-Grenache           ,89
Joe Czerwinski    ,Merlot-Malbec             ,87
Joe Czerwinski    ,Moscato                   ,85
Joe Czerwinski    ,MourvÃ¨dre                ,90
Joe Czerwinski    ,MourvÃ¨dre-Syrah          ,92
Joe Czerwinski    ,Muscadelle                ,94
Joe Czerwinski    ,Muscat                    ,90
Joe Czerwinski    ,Muscat Blanc Ã  Petits Gra,84
Joe Czerwinski    ,Muscat d'Alexandrie       ,88
Joe Czerwinski    ,Muscat Hamburg            ,90
Joe Czerwinski    ,Muskateller               ,88
Joe Czerwinski    ,MÃ¼ller-Thurgau           ,86
Joe Czerwinski    ,Petit Verdot              ,88
Joe Czerwinski    ,Petite Sirah              ,87
Joe Czerwinski    ,Pinot Bianco              ,88
Joe Czerwinski    ,Pinot Blanc               ,85
Joe Czerwinski    ,Pinot Grigio              ,85
Joe Czerwinski    ,Pinot Gris                ,87
Joe Czerwinski    ,Pinot Noir                ,88
Joe Czerwinski    ,Port                      ,87
Joe Czerwinski    ,Portuguese Red            ,86
Joe Czerwinski    ,Red Blend                 ,87
Joe Czerwinski    ,RhÃ´ne-style Red Blend    ,88
Joe Czerwinski    ,RhÃ´ne-style White Blend  ,88
Joe Czerwinski    ,Rieslaner                 ,90
Joe Czerwinski    ,Riesling                  ,89
Joe Czerwinski    ,RosÃ©                     ,87
Joe Czerwinski    ,Roussanne                 ,88
Joe Czerwinski    ,Roussanne-Marsanne        ,91
Joe Czerwinski    ,Sangiovese                ,86
Joe Czerwinski    ,Sauvignon                 ,86
Joe Czerwinski    ,Sauvignon Blanc           ,88
Joe Czerwinski    ,Sauvignon Blanc-Semillon  ,87
Joe Czerwinski    ,Savagnin                  ,87
Joe Czerwinski    ,Scheurebe                 ,89
Joe Czerwinski    ,Semillon-Chardonnay       ,84
Joe Czerwinski    ,Semillon-Sauvignon Blanc  ,85
Joe Czerwinski    ,Shiraz                    ,89
Joe Czerwinski    ,Shiraz-Cabernet           ,86
Joe Czerwinski    ,Shiraz-Cabernet Sauvignon ,88
Joe Czerwinski    ,Shiraz-Grenache           ,89
Joe Czerwinski    ,Shiraz-Malbec             ,90
Joe Czerwinski    ,Shiraz-MourvÃ¨dre         ,89
Joe Czerwinski    ,Shiraz-Roussanne          ,90
Joe Czerwinski    ,Shiraz-Viognier           ,90
Joe Czerwinski    ,Silvaner                  ,87
Joe Czerwinski    ,Silvaner-Traminer         ,86
Joe Czerwinski    ,Sparkling Blend           ,86
Joe Czerwinski    ,SpÃ¤tburgunder            ,86
Joe Czerwinski    ,Syrah                     ,90
Joe Czerwinski    ,Syrah-Cabernet            ,86
Joe Czerwinski    ,Syrah-Grenache            ,88
Joe Czerwinski    ,Syrah-Viognier            ,90
Joe Czerwinski    ,SÃ©millon                 ,89
Joe Czerwinski    ,Tempranillo               ,88
Joe Czerwinski    ,Tocai                     ,87
Joe Czerwinski    ,Tokay                     ,90
Joe Czerwinski    ,Tokay Pinot Gris          ,89
Joe Czerwinski    ,Touriga Nacional          ,86
Joe Czerwinski    ,Trajadura                 ,86
Joe Czerwinski    ,Traminer                  ,88
Joe Czerwinski    ,Verdelho                  ,87
Joe Czerwinski    ,Vermentino                ,86
Joe Czerwinski    ,Vidal Blanc               ,85
Joe Czerwinski    ,Vignoles                  ,86
Joe Czerwinski    ,Viognier                  ,89
Joe Czerwinski    ,Viognier-Marsanne         ,89
Joe Czerwinski    ,Weissburgunder            ,89
Joe Czerwinski    ,White Blend               ,86
Joe Czerwinski    ,Zinfandel                 ,88
Kerin Oâ€™Keefe   ,Aglianico                 ,89
Kerin Oâ€™Keefe   ,Albana                    ,89
Kerin Oâ€™Keefe   ,Albanello                 ,86
Kerin Oâ€™Keefe   ,Aleatico                  ,87
Kerin Oâ€™Keefe   ,Alicante                  ,87
Kerin Oâ€™Keefe   ,Arneis                    ,87
Kerin Oâ€™Keefe   ,Asprinio                  ,84
Kerin Oâ€™Keefe   ,Barbera                   ,88
Kerin Oâ€™Keefe   ,Bovale                    ,91
Kerin Oâ€™Keefe   ,Cabernet                  ,87
Kerin Oâ€™Keefe   ,Cabernet Franc            ,91
Kerin Oâ€™Keefe   ,Cabernet Sauvignon        ,88
Kerin Oâ€™Keefe   ,Canaiolo                  ,89
Kerin Oâ€™Keefe   ,Cannonau                  ,88
Kerin Oâ€™Keefe   ,Caprettone                ,92
Kerin Oâ€™Keefe   ,Carignano                 ,90
Kerin Oâ€™Keefe   ,Carricante                ,90
Kerin Oâ€™Keefe   ,Casavecchia               ,85
Kerin Oâ€™Keefe   ,Catalanesca               ,89
Kerin Oâ€™Keefe   ,Catarratto                ,87
Kerin Oâ€™Keefe   ,Centesimino               ,92
Kerin Oâ€™Keefe   ,Cesanese                  ,90
Kerin Oâ€™Keefe   ,Chardonnay                ,88
Kerin Oâ€™Keefe   ,Ciliegiolo                ,88
Kerin Oâ€™Keefe   ,Coda di Volpe             ,86
Kerin Oâ€™Keefe   ,Colorino                  ,86
Kerin Oâ€™Keefe   ,Cortese                   ,87
Kerin Oâ€™Keefe   ,Corvina                   ,91
Kerin Oâ€™Keefe   ,Dolcetto                  ,87
Kerin Oâ€™Keefe   ,Durella                   ,89
Kerin Oâ€™Keefe   ,Erbaluce                  ,88
Kerin Oâ€™Keefe   ,Falanghina                ,87
Kerin Oâ€™Keefe   ,Favorita                  ,90
Kerin Oâ€™Keefe   ,Fiano                     ,88
Kerin Oâ€™Keefe   ,Francisa                  ,91
Kerin Oâ€™Keefe   ,Frappato                  ,88
Kerin Oâ€™Keefe   ,Freisa                    ,87
Kerin Oâ€™Keefe   ,Friulano                  ,88
Kerin Oâ€™Keefe   ,Gaglioppo                 ,86
Kerin Oâ€™Keefe   ,Garganega                 ,87
Kerin Oâ€™Keefe   ,GewÃ¼rztraminer           ,88
Kerin Oâ€™Keefe   ,Glera                     ,88
Kerin Oâ€™Keefe   ,Grecanico                 ,90
Kerin Oâ€™Keefe   ,Grechetto                 ,87
Kerin Oâ€™Keefe   ,Greco                     ,89
Kerin Oâ€™Keefe   ,Greco Bianco              ,86
Kerin Oâ€™Keefe   ,Grillo                    ,87
Kerin Oâ€™Keefe   ,GrÃ¼ner Veltliner         ,89
Kerin Oâ€™Keefe   ,Incrocio Manzoni          ,88
Kerin Oâ€™Keefe   ,Insolia                   ,87
Kerin Oâ€™Keefe   ,Inzolia                   ,86
Kerin Oâ€™Keefe   ,Kerner                    ,89
Kerin Oâ€™Keefe   ,Lagrein                   ,88
Kerin Oâ€™Keefe   ,Lambrusco                 ,86
Kerin Oâ€™Keefe   ,Lambrusco di Sorbara      ,89
Kerin Oâ€™Keefe   ,Lambrusco Grasparossa     ,87
Kerin Oâ€™Keefe   ,Lambrusco Salamino        ,88
Kerin Oâ€™Keefe   ,Magliocco                 ,88
Kerin Oâ€™Keefe   ,Malvar                    ,88
Kerin Oâ€™Keefe   ,Malvasia                  ,87
Kerin Oâ€™Keefe   ,Malvasia di Candia        ,87
Kerin Oâ€™Keefe   ,Malvasia Nera             ,88
Kerin Oâ€™Keefe   ,Mantonico                 ,87
Kerin Oâ€™Keefe   ,Manzoni                   ,88
Kerin Oâ€™Keefe   ,Marzemino                 ,88
Kerin Oâ€™Keefe   ,Merlot                    ,89
Kerin Oâ€™Keefe   ,Molinara                  ,87
Kerin Oâ€™Keefe   ,Monica                    ,88
Kerin Oâ€™Keefe   ,Montepulciano             ,86
Kerin Oâ€™Keefe   ,Moscato                   ,88
Kerin Oâ€™Keefe   ,Moscato Giallo            ,86
Kerin Oâ€™Keefe   ,Moscato Rosa              ,90
Kerin Oâ€™Keefe   ,MÃ¼ller-Thurgau           ,88
Kerin Oâ€™Keefe   ,Nascetta                  ,87
Kerin Oâ€™Keefe   ,Nasco                     ,90
Kerin Oâ€™Keefe   ,Nebbiolo                  ,90
Kerin Oâ€™Keefe   ,Negroamaro                ,87
Kerin Oâ€™Keefe   ,Nerello Cappuccio         ,89
Kerin Oâ€™Keefe   ,Nerello Mascalese         ,89
Kerin Oâ€™Keefe   ,Nero d'Avola              ,87
Kerin Oâ€™Keefe   ,Nero di Troia             ,87
Kerin Oâ€™Keefe   ,Nosiola                   ,87
Kerin Oâ€™Keefe   ,Nuragus                   ,88
Kerin Oâ€™Keefe   ,Pallagrello Bianco        ,87
Kerin Oâ€™Keefe   ,Pallagrello Nero          ,87
Kerin Oâ€™Keefe   ,Passerina                 ,85
Kerin Oâ€™Keefe   ,Pecorino                  ,87
Kerin Oâ€™Keefe   ,Perricone                 ,88
Kerin Oâ€™Keefe   ,Petit Manseng             ,88
Kerin Oâ€™Keefe   ,Petit Verdot              ,89
Kerin Oâ€™Keefe   ,Picolit                   ,90
Kerin Oâ€™Keefe   ,Piedirosso                ,87
Kerin Oâ€™Keefe   ,Pignoletto                ,87
Kerin Oâ€™Keefe   ,Pinot Bianco              ,88
Kerin Oâ€™Keefe   ,Pinot Grigio              ,87
Kerin Oâ€™Keefe   ,Pinot Nero                ,89
Kerin Oâ€™Keefe   ,Primitivo                 ,87
Kerin Oâ€™Keefe   ,PriÃ© Blanc               ,88
Kerin Oâ€™Keefe   ,Pugnitello                ,87
Kerin Oâ€™Keefe   ,Raboso                    ,87
Kerin Oâ€™Keefe   ,Rebo                      ,88
Kerin Oâ€™Keefe   ,Red Blend                 ,88
Kerin Oâ€™Keefe   ,Refosco                   ,86
Kerin Oâ€™Keefe   ,Ribolla Gialla            ,87
Kerin Oâ€™Keefe   ,Riesling                  ,88
Kerin Oâ€™Keefe   ,Rosato                    ,87
Kerin Oâ€™Keefe   ,RosÃ©                     ,86
Kerin Oâ€™Keefe   ,Roviello                  ,92
Kerin Oâ€™Keefe   ,RuchÃ©                    ,87
Kerin Oâ€™Keefe   ,Sagrantino                ,90
Kerin Oâ€™Keefe   ,Sangiovese                ,89
Kerin Oâ€™Keefe   ,Sauvignon                 ,88
Kerin Oâ€™Keefe   ,Sauvignon Blanc           ,87
Kerin Oâ€™Keefe   ,Schiava                   ,88
Kerin Oâ€™Keefe   ,Sirica                    ,92
Kerin Oâ€™Keefe   ,Sparkling Blend           ,89
Kerin Oâ€™Keefe   ,Susumaniello              ,87
Kerin Oâ€™Keefe   ,Sylvaner                  ,89
Kerin Oâ€™Keefe   ,Syrah                     ,88
Kerin Oâ€™Keefe   ,Tempranillo               ,88
Kerin Oâ€™Keefe   ,Teroldego                 ,91
Kerin Oâ€™Keefe   ,Teroldego Rotaliano       ,86
Kerin Oâ€™Keefe   ,Timorasso                 ,90
Kerin Oâ€™Keefe   ,Torbato                   ,91
Kerin Oâ€™Keefe   ,Traminer                  ,87
Kerin Oâ€™Keefe   ,Trebbiano                 ,87
Kerin Oâ€™Keefe   ,Trebbiano Spoletino       ,87
Kerin Oâ€™Keefe   ,Turbiana                  ,88
Kerin Oâ€™Keefe   ,Uva di Troia              ,88
Kerin Oâ€™Keefe   ,Uvalino                   ,88
Kerin Oâ€™Keefe   ,Veltliner                 ,90
Kerin Oâ€™Keefe   ,Verdeca                   ,90
Kerin Oâ€™Keefe   ,Verdicchio                ,88
Kerin Oâ€™Keefe   ,Verduzzo Friulano         ,88
Kerin Oâ€™Keefe   ,Vermentino                ,88
Kerin Oâ€™Keefe   ,Vernaccia                 ,87
Kerin Oâ€™Keefe   ,Vespolina                 ,88
Kerin Oâ€™Keefe   ,Viognier                  ,86
Kerin Oâ€™Keefe   ,White Blend               ,88
Kerin Oâ€™Keefe   ,Zibibbo                   ,89
Lauren Buzzeo     ,Apple                     ,89
Lauren Buzzeo     ,Argaman                   ,87
Lauren Buzzeo     ,Barbera                   ,85
Lauren Buzzeo     ,Bordeaux-style Red Blend  ,90
Lauren Buzzeo     ,Bordeaux-style White Blend,90
Lauren Buzzeo     ,Cabernet                  ,87
Lauren Buzzeo     ,Cabernet Blend            ,87
Lauren Buzzeo     ,Cabernet Franc            ,87
Lauren Buzzeo     ,Cabernet Merlot           ,89
Lauren Buzzeo     ,Cabernet Sauvignon        ,87
Lauren Buzzeo     ,Cabernet Sauvignon-Merlot ,87
Lauren Buzzeo     ,Cabernet Sauvignon-Merlot-,87
Lauren Buzzeo     ,Cabernet Sauvignon-Shiraz ,88
Lauren Buzzeo     ,Cabernet Sauvignon-Syrah  ,88
Lauren Buzzeo     ,Carignan                  ,87
Lauren Buzzeo     ,Carignan-Grenache         ,90
Lauren Buzzeo     ,Carignan-Syrah            ,91
Lauren Buzzeo     ,Champagne Blend           ,86
Lauren Buzzeo     ,Chardonnay                ,87
Lauren Buzzeo     ,Chardonnay-Viognier       ,86
Lauren Buzzeo     ,Chenin Blanc              ,88
Lauren Buzzeo     ,Chenin Blanc-Sauvignon Bla,85
Lauren Buzzeo     ,Chenin Blanc-Viognier     ,90
Lauren Buzzeo     ,Cinsault                  ,87
Lauren Buzzeo     ,Clairette                 ,90
Lauren Buzzeo     ,G-S-M                     ,88
Lauren Buzzeo     ,Gamay                     ,82
Lauren Buzzeo     ,GewÃ¼rztraminer           ,88
Lauren Buzzeo     ,Grenache                  ,88
Lauren Buzzeo     ,Grenache Blanc            ,91
Lauren Buzzeo     ,Grenache Gris             ,87
Lauren Buzzeo     ,Grenache Noir             ,86
Lauren Buzzeo     ,Grenache-Carignan         ,89
Lauren Buzzeo     ,Grenache-Syrah            ,88
Lauren Buzzeo     ,Malbec                    ,84
Lauren Buzzeo     ,Marsanne-Roussanne        ,86
Lauren Buzzeo     ,Marselan                  ,87
Lauren Buzzeo     ,Mauzac                    ,90
Lauren Buzzeo     ,Merlot                    ,86
Lauren Buzzeo     ,Merlot-Argaman            ,85
Lauren Buzzeo     ,Merlot-Cabernet Franc     ,84
Lauren Buzzeo     ,Merlot-Cabernet Sauvignon ,88
Lauren Buzzeo     ,Merlot-Shiraz             ,86
Lauren Buzzeo     ,Moscato                   ,85
Lauren Buzzeo     ,MourvÃ¨dre                ,87
Lauren Buzzeo     ,Muscat                    ,88
Lauren Buzzeo     ,Muscat Blanc Ã  Petits Gra,87
Lauren Buzzeo     ,Petite Sirah              ,86
Lauren Buzzeo     ,Picpoul                   ,86
Lauren Buzzeo     ,Pinot Blanc               ,82
Lauren Buzzeo     ,Pinot Noir                ,86
Lauren Buzzeo     ,Pinotage                  ,87
Lauren Buzzeo     ,Pinotage-Merlot           ,84
Lauren Buzzeo     ,Portuguese Red            ,84
Lauren Buzzeo     ,Red Blend                 ,88
Lauren Buzzeo     ,RhÃ´ne-style Red Blend    ,88
Lauren Buzzeo     ,RhÃ´ne-style White Blend  ,87
Lauren Buzzeo     ,Riesling                  ,87
Lauren Buzzeo     ,RosÃ©                     ,86
Lauren Buzzeo     ,Roussanne                 ,89
Lauren Buzzeo     ,Roussanne-Marsanne        ,91
Lauren Buzzeo     ,Sauvignon Blanc           ,86
Lauren Buzzeo     ,Sauvignon Blanc-Chenin Bla,87
Lauren Buzzeo     ,Sauvignon Blanc-Semillon  ,90
Lauren Buzzeo     ,Semillon-Sauvignon Blanc  ,90
Lauren Buzzeo     ,Shiraz                    ,88
Lauren Buzzeo     ,Shiraz-Cabernet Sauvignon ,87
Lauren Buzzeo     ,Shiraz-MourvÃ¨dre         ,88
Lauren Buzzeo     ,Sparkling Blend           ,86
Lauren Buzzeo     ,Syrah                     ,89
Lauren Buzzeo     ,Syrah-Cabernet            ,82
Lauren Buzzeo     ,Syrah-Cabernet Sauvignon  ,91
Lauren Buzzeo     ,Syrah-Carignan            ,89
Lauren Buzzeo     ,Syrah-Grenache            ,89
Lauren Buzzeo     ,Syrah-MourvÃ¨dre          ,90
Lauren Buzzeo     ,Syrah-Viognier            ,88
Lauren Buzzeo     ,SÃ©millon                 ,90
Lauren Buzzeo     ,Tempranillo               ,83
Lauren Buzzeo     ,Tinta Barroca             ,91
Lauren Buzzeo     ,Viognier                  ,86
Lauren Buzzeo     ,Viognier-Grenache Blanc   ,87
Lauren Buzzeo     ,White Blend               ,88
Lauren Buzzeo     ,White Riesling            ,89
Matt Kettmann     ,Aglianico                 ,91
Matt Kettmann     ,AlbariÃ±o                 ,89
Matt Kettmann     ,Alicante Bouschet         ,89
Matt Kettmann     ,AligotÃ©                  ,91
Matt Kettmann     ,Alvarinho                 ,84
Matt Kettmann     ,Arneis                    ,89
Matt Kettmann     ,Barbera                   ,88
Matt Kettmann     ,BlaufrÃ¤nkisch            ,91
Matt Kettmann     ,Bordeaux-style Red Blend  ,90
Matt Kettmann     ,Bordeaux-style White Blend,89
Matt Kettmann     ,Cabernet Franc            ,89
Matt Kettmann     ,Cabernet Franc-Merlot     ,88
Matt Kettmann     ,Cabernet Pfeffer          ,91
Matt Kettmann     ,Cabernet Sauvignon        ,89
Matt Kettmann     ,Cabernet Sauvignon-Caberne,93
Matt Kettmann     ,Cabernet Sauvignon-Malbec ,92
Matt Kettmann     ,Cabernet Sauvignon-Merlot ,89
Matt Kettmann     ,Cabernet Sauvignon-Sangiov,88
Matt Kettmann     ,Cabernet Sauvignon-Syrah  ,89
Matt Kettmann     ,Carignan                  ,93
Matt Kettmann     ,Carignane                 ,88
Matt Kettmann     ,Champagne Blend           ,86
Matt Kettmann     ,Charbono                  ,87
Matt Kettmann     ,Chardonnay                ,89
Matt Kettmann     ,Chenin Blanc              ,89
Matt Kettmann     ,Cinsault                  ,90
Matt Kettmann     ,Claret                    ,90
Matt Kettmann     ,Counoise                  ,91
Matt Kettmann     ,Dolcetto                  ,90
Matt Kettmann     ,Dornfelder                ,90
Matt Kettmann     ,Falanghina                ,89
Matt Kettmann     ,Fiano                     ,90
Matt Kettmann     ,G-S-M                     ,90
Matt Kettmann     ,Garnacha                  ,92
Matt Kettmann     ,GewÃ¼rztraminer           ,89
Matt Kettmann     ,Grenache                  ,90
Matt Kettmann     ,Grenache Blanc            ,89
Matt Kettmann     ,Grenache Blend            ,95
Matt Kettmann     ,Grenache Noir             ,90
Matt Kettmann     ,Grenache-Syrah            ,90
Matt Kettmann     ,GrÃ¼ner Veltliner         ,89
Matt Kettmann     ,Lagrein                   ,91
Matt Kettmann     ,Malbec                    ,89
Matt Kettmann     ,Malbec-Syrah              ,87
Matt Kettmann     ,Malvasia Bianca           ,90
Matt Kettmann     ,Marsanne                  ,88
Matt Kettmann     ,Meritage                  ,89
Matt Kettmann     ,Merlot                    ,87
Matt Kettmann     ,Merlot-Cabernet Sauvignon ,91
Matt Kettmann     ,Mission                   ,89
Matt Kettmann     ,Monastrell                ,95
Matt Kettmann     ,Montepulciano             ,89
Matt Kettmann     ,Moscato                   ,85
Matt Kettmann     ,MourvÃ¨dre                ,90
Matt Kettmann     ,MourvÃ¨dre-Syrah          ,94
Matt Kettmann     ,Muscat                    ,86
Matt Kettmann     ,Muscat Canelli            ,85
Matt Kettmann     ,Muscat d'Alexandrie       ,87
Matt Kettmann     ,Muscat Hamburg            ,88
Matt Kettmann     ,Muskat                    ,91
Matt Kettmann     ,Nebbiolo                  ,91
Matt Kettmann     ,Negrette                  ,88
Matt Kettmann     ,Negroamaro                ,90
Matt Kettmann     ,Orange Muscat             ,87
Matt Kettmann     ,Petit Verdot              ,89
Matt Kettmann     ,Petite Sirah              ,89
Matt Kettmann     ,Picpoul                   ,91
Matt Kettmann     ,Pinot Blanc               ,89
Matt Kettmann     ,Pinot Grigio              ,87
Matt Kettmann     ,Pinot Gris                ,88
Matt Kettmann     ,Pinot Noir                ,91
Matt Kettmann     ,Port                      ,89
Matt Kettmann     ,Primitivo                 ,89
Matt Kettmann     ,Red Blend                 ,89
Matt Kettmann     ,RhÃ´ne-style Red Blend    ,90
Matt Kettmann     ,RhÃ´ne-style White Blend  ,89
Matt Kettmann     ,Riesling                  ,88
Matt Kettmann     ,RosÃ©                     ,88
Matt Kettmann     ,Roussanne                 ,89
Matt Kettmann     ,Roussanne-Viognier        ,89
Matt Kettmann     ,Sangiovese                ,88
Matt Kettmann     ,Sangiovese Cabernet       ,91
Matt Kettmann     ,Sangiovese-Cabernet Sauvig,86
Matt Kettmann     ,Sangiovese-Syrah          ,90
Matt Kettmann     ,Sauvignon Blanc           ,88
Matt Kettmann     ,Sauvignon Blanc-Semillon  ,90
Matt Kettmann     ,Semillon-Sauvignon Blanc  ,87
Matt Kettmann     ,Sherry                    ,90
Matt Kettmann     ,Sparkling Blend           ,89
Matt Kettmann     ,Syrah                     ,90
Matt Kettmann     ,Syrah-Cabernet            ,90
Matt Kettmann     ,Syrah-Cabernet Sauvignon  ,90
Matt Kettmann     ,Syrah-Grenache            ,89
Matt Kettmann     ,Syrah-Merlot              ,88
Matt Kettmann     ,Syrah-MourvÃ¨dre          ,91
Matt Kettmann     ,Syrah-Petit Verdot        ,94
Matt Kettmann     ,Syrah-Petite Sirah        ,90
Matt Kettmann     ,SÃ©millon                 ,89
Matt Kettmann     ,Tannat                    ,89
Matt Kettmann     ,Tannat-Syrah              ,93
Matt Kettmann     ,Tempranillo               ,89
Matt Kettmann     ,Tempranillo Blend         ,90
Matt Kettmann     ,Teroldego                 ,89
Matt Kettmann     ,Tocai Friulano            ,93
Matt Kettmann     ,Ugni Blanc                ,90
Matt Kettmann     ,ValdiguiÃ©                ,87
Matt Kettmann     ,Verdelho                  ,87
Matt Kettmann     ,Vermentino                ,88
Matt Kettmann     ,Viognier                  ,88
Matt Kettmann     ,Viognier-Chardonnay       ,86
Matt Kettmann     ,Viognier-Grenache Blanc   ,91
Matt Kettmann     ,White Blend               ,88
Matt Kettmann     ,Zinfandel                 ,89
Michael Schachner ,Airen                     ,81
Michael Schachner ,AlbariÃ±o                 ,87
Michael Schachner ,Alicante Bouschet         ,83
Michael Schachner ,Babosa Negro              ,92
Michael Schachner ,Barbera                   ,85
Michael Schachner ,Black Muscat              ,92
Michael Schachner ,Bobal                     ,86
Michael Schachner ,Bobal-Cabernet Sauvignon  ,84
Michael Schachner ,Bonarda                   ,86
Michael Schachner ,Bordeaux-style Red Blend  ,89
Michael Schachner ,Bordeaux-style White Blend,83
Michael Schachner ,Cabernet Blend            ,89
Michael Schachner ,Cabernet Franc            ,88
Michael Schachner ,Cabernet Franc-Cabernet Sa,88
Michael Schachner ,Cabernet Franc-CarmenÃ¨re ,86
Michael Schachner ,Cabernet Franc-Malbec     ,91
Michael Schachner ,Cabernet Sauvignon        ,86
Michael Schachner ,Cabernet Sauvignon-Caberne,88
Michael Schachner ,Cabernet Sauvignon-CarmenÃ,87
Michael Schachner ,Cabernet Sauvignon-Malbec ,86
Michael Schachner ,Cabernet Sauvignon-Merlot ,86
Michael Schachner ,Cabernet Sauvignon-Shiraz ,86
Michael Schachner ,Cabernet Sauvignon-Syrah  ,86
Michael Schachner ,Cabernet Sauvignon-Tempran,86
Michael Schachner ,Cabernet-Malbec           ,86
Michael Schachner ,Cabernet-Syrah            ,88
Michael Schachner ,Carignan                  ,88
Michael Schachner ,Carignan-Grenache         ,89
Michael Schachner ,CarineÃ±a                 ,86
Michael Schachner ,CariÃ±ena-Garnacha        ,89
Michael Schachner ,CarmenÃ¨re                ,86
Michael Schachner ,CarmenÃ¨re-Cabernet Sauvig,88
Michael Schachner ,CarmenÃ¨re-Syrah          ,87
Michael Schachner ,Champagne Blend           ,86
Michael Schachner ,Chardonnay                ,84
Michael Schachner ,Chardonnay-Sauvignon      ,84
Michael Schachner ,Chardonnay-Sauvignon Blanc,87
Michael Schachner ,Chardonnay-Semillon       ,81
Michael Schachner ,Chardonnay-Viognier       ,84
Michael Schachner ,Chenin Blanc              ,83
Michael Schachner ,Chenin Blanc-Chardonnay   ,85
Michael Schachner ,Cinsault                  ,86
Michael Schachner ,DoÃ±a Blanca              ,84
Michael Schachner ,ForcallÃ                  ,83
Michael Schachner ,Garnacha                  ,85
Michael Schachner ,Garnacha Blanca           ,86
Michael Schachner ,Garnacha Blend            ,87
Michael Schachner ,Garnacha Tintorera        ,87
Michael Schachner ,Garnacha-Cabernet         ,85
Michael Schachner ,Garnacha-CariÃ±ena        ,93
Michael Schachner ,Garnacha-Monastrell       ,87
Michael Schachner ,Garnacha-Syrah            ,84
Michael Schachner ,Garnacha-Tempranillo      ,86
Michael Schachner ,GewÃ¼rztraminer           ,84
Michael Schachner ,Godello                   ,86
Michael Schachner ,Graciano                  ,88
Michael Schachner ,Grenache                  ,86
Michael Schachner ,Grenache Blanc            ,86
Michael Schachner ,Grenache Blend            ,84
Michael Schachner ,Grenache-Carignan         ,89
Michael Schachner ,Grenache-Syrah            ,88
Michael Schachner ,Hondarrabi Zuri           ,86
Michael Schachner ,Jaen                      ,86
Michael Schachner ,ListÃ¡n Negro             ,87
Michael Schachner ,Macabeo                   ,85
Michael Schachner ,Macabeo-Chardonnay        ,85
Michael Schachner ,Macabeo-Moscatel          ,85
Michael Schachner ,Malbec                    ,87
Michael Schachner ,Malbec Blend              ,90
Michael Schachner ,Malbec-Bonarda            ,86
Michael Schachner ,Malbec-Cabernet           ,91
Michael Schachner ,Malbec-Cabernet Franc     ,88
Michael Schachner ,Malbec-Cabernet Sauvignon ,88
Michael Schachner ,Malbec-CarmÃ©nÃ¨re        ,91
Michael Schachner ,Malbec-Merlot             ,86
Michael Schachner ,Malbec-Petit Verdot       ,91
Michael Schachner ,Malbec-Syrah              ,85
Michael Schachner ,Malbec-Tannat             ,84
Michael Schachner ,Malbec-Tempranillo        ,86
Michael Schachner ,Malvar                    ,81
Michael Schachner ,Malvasia                  ,84
Michael Schachner ,Malvasia-Viura            ,85
Michael Schachner ,Marsanne                  ,81
Michael Schachner ,Mataro                    ,90
Michael Schachner ,Maturana                  ,86
Michael Schachner ,Mazuelo                   ,87
Michael Schachner ,MencÃ­a                   ,88
Michael Schachner ,Merlot                    ,85
Michael Schachner ,Merlot-Cabernet           ,86
Michael Schachner ,Merlot-Cabernet Franc     ,87
Michael Schachner ,Merlot-Cabernet Sauvignon ,85
Michael Schachner ,Merseguera-Sauvignon Blanc,85
Michael Schachner ,Meseguera                 ,91
Michael Schachner ,Monastrell                ,87
Michael Schachner ,Monastrell-Petit Verdot   ,88
Michael Schachner ,Monastrell-Syrah          ,86
Michael Schachner ,Moscatel                  ,87
Michael Schachner ,Moscatel de AlejandrÃ­a   ,85
Michael Schachner ,Moscato                   ,82
Michael Schachner ,MourvÃ¨dre                ,92
Michael Schachner ,Muscat                    ,86
Michael Schachner ,Muscat d'Alexandrie       ,84
Michael Schachner ,Muscat of Alexandria      ,91
Michael Schachner ,Muscatel                  ,87
Michael Schachner ,MÃ¼ller-Thurgau           ,80
Michael Schachner ,Nebbiolo                  ,87
Michael Schachner ,Palomino                  ,89
Michael Schachner ,Pansa Blanca              ,85
Michael Schachner ,Parraleta                 ,86
Michael Schachner ,PaÃ­s                     ,83
Michael Schachner ,Pedro XimÃ©nez            ,89
Michael Schachner ,Petit Verdot              ,88
Michael Schachner ,Petite Sirah              ,87
Michael Schachner ,Petite Verdot             ,86
Michael Schachner ,Picapoll                  ,82
Michael Schachner ,Pinot Grigio              ,83
Michael Schachner ,Pinot Gris                ,84
Michael Schachner ,Pinot Noir                ,85
Michael Schachner ,Pinot Noir-Syrah          ,83
Michael Schachner ,Port                      ,87
Michael Schachner ,Premsal                   ,83
Michael Schachner ,Prieto Picudo             ,86
Michael Schachner ,Red Blend                 ,88
Michael Schachner ,RhÃ´ne-style Red Blend    ,86
Michael Schachner ,RhÃ´ne-style White Blend  ,87
Michael Schachner ,Riesling                  ,86
Michael Schachner ,Rosado                    ,84
Michael Schachner ,RosÃ©                     ,84
Michael Schachner ,Rufete                    ,85
Michael Schachner ,Sangiovese                ,88
Michael Schachner ,Sangiovese Grosso         ,88
Michael Schachner ,Sauvignon                 ,85
Michael Schachner ,Sauvignon Blanc           ,85
Michael Schachner ,Sauvignon Blanc-Chardonnay,84
Michael Schachner ,Sauvignon Blanc-Chenin Bla,86
Michael Schachner ,Sauvignon Blanc-Semillon  ,88
Michael Schachner ,Sauvignon Blanc-Verdejo   ,84
Michael Schachner ,Sauvignon Gris            ,84
Michael Schachner ,Sherry                    ,89
Michael Schachner ,Shiraz                    ,85
Michael Schachner ,Shiraz-Cabernet Sauvignon ,86
Michael Schachner ,Shiraz-Malbec             ,90
Michael Schachner ,Shiraz-Tempranillo        ,82
Michael Schachner ,Sparkling Blend           ,86
Michael Schachner ,Syrah                     ,87
Michael Schachner ,Syrah-Bonarda             ,87
Michael Schachner ,Syrah-Cabernet            ,86
Michael Schachner ,Syrah-Cabernet Franc      ,91
Michael Schachner ,Syrah-Cabernet Sauvignon  ,87
Michael Schachner ,Syrah-Carignan            ,92
Michael Schachner ,Syrah-Grenache            ,85
Michael Schachner ,Syrah-Malbec              ,89
Michael Schachner ,Syrah-Merlot              ,89
Michael Schachner ,Syrah-MourvÃ¨dre          ,91
Michael Schachner ,Syrah-Petit Verdot        ,90
Michael Schachner ,Syrah-Tempranillo         ,87
Michael Schachner ,Syrah-Viognier            ,90
Michael Schachner ,SÃ©millon                 ,84
Michael Schachner ,Tannat                    ,86
Michael Schachner ,Tannat-Cabernet Franc     ,90
Michael Schachner ,Tannat-Merlot             ,86
Michael Schachner ,Tannat-Syrah              ,84
Michael Schachner ,Tempranillo               ,87
Michael Schachner ,Tempranillo Blanco        ,83
Michael Schachner ,Tempranillo Blend         ,88
Michael Schachner ,Tempranillo-Cabernet Sauvi,86
Michael Schachner ,Tempranillo-Garnacha      ,85
Michael Schachner ,Tempranillo-Malbec        ,91
Michael Schachner ,Tempranillo-Merlot        ,85
Michael Schachner ,Tempranillo-Shiraz        ,84
Michael Schachner ,Tempranillo-Syrah         ,82
Michael Schachner ,Tempranillo-Tannat        ,88
Michael Schachner ,Tinta de Toro             ,89
Michael Schachner ,Tinta del Pais            ,95
Michael Schachner ,Tinta del Toro            ,86
Michael Schachner ,Tinta Fina                ,87
Michael Schachner ,Tinto del Pais            ,87
Michael Schachner ,Tinto Fino                ,89
Michael Schachner ,Tinto Velasco             ,85
Michael Schachner ,Tocai                     ,85
Michael Schachner ,Torontel                  ,92
Michael Schachner ,TorrontÃ©s                ,85
Michael Schachner ,Touriga Nacional Blend    ,90
Michael Schachner ,Trebbiano                 ,83
Michael Schachner ,Treixadura                ,87
Michael Schachner ,Trepat                    ,87
Michael Schachner ,Trousseau                 ,88
Michael Schachner ,Verdejo                   ,86
Michael Schachner ,Verdejo-Sauvignon Blanc   ,85
Michael Schachner ,Verdejo-Viura             ,85
Michael Schachner ,Verdil                    ,86
Michael Schachner ,Verdosilla                ,84
Michael Schachner ,Vermentino                ,91
Michael Schachner ,Vernaccia                 ,87
Michael Schachner ,Vidadillo                 ,89
Michael Schachner ,Viognier                  ,84
Michael Schachner ,Viognier-Chardonnay       ,84
Michael Schachner ,Viura                     ,85
Michael Schachner ,Viura-Chardonnay          ,84
Michael Schachner ,Viura-Verdejo             ,84
Michael Schachner ,White Blend               ,85
Michael Schachner ,Xarel-lo                  ,85
Mike DeSimone     ,Argaman                   ,91
Mike DeSimone     ,Bordeaux-style Red Blend  ,89
Mike DeSimone     ,BoÄŸazkere                ,89
Mike DeSimone     ,Cabernet Blend            ,89
Mike DeSimone     ,Cabernet Franc            ,91
Mike DeSimone     ,Cabernet Franc-Cabernet Sa,90
Mike DeSimone     ,Cabernet Merlot           ,91
Mike DeSimone     ,Cabernet Sauvignon        ,90
Mike DeSimone     ,Cabernet Sauvignon Grenach,89
Mike DeSimone     ,Cabernet Sauvignon-Caberne,92
Mike DeSimone     ,Cabernet Sauvignon-Merlot ,88
Mike DeSimone     ,Cabernet Sauvignon-Shiraz ,90
Mike DeSimone     ,Carignan                  ,91
Mike DeSimone     ,Chardonnay                ,88
Mike DeSimone     ,Chardonnay-Sauvignon      ,89
Mike DeSimone     ,Chardonnay-Sauvignon Blanc,88
Mike DeSimone     ,Chenin Blanc              ,89
Mike DeSimone     ,Chinuri                   ,85
Mike DeSimone     ,Emir                      ,86
Mike DeSimone     ,FumÃ© Blanc               ,86
Mike DeSimone     ,Kalecik Karasi            ,89
Mike DeSimone     ,Kangoun                   ,87
Mike DeSimone     ,Karalahna                 ,87
Mike DeSimone     ,Karasakiz                 ,89
Mike DeSimone     ,Kinali Yapincak           ,84
Mike DeSimone     ,Kisi                      ,87
Mike DeSimone     ,Kuntra                    ,86
Mike DeSimone     ,Marawi                    ,87
Mike DeSimone     ,Marselan                  ,89
Mike DeSimone     ,Merlot                    ,89
Mike DeSimone     ,Misket                    ,85
Mike DeSimone     ,Moscato                   ,89
Mike DeSimone     ,Mtsvane                   ,87
Mike DeSimone     ,Narince                   ,87
Mike DeSimone     ,Ojaleshi                  ,88
Mike DeSimone     ,Okuzgozu                  ,90
Mike DeSimone     ,Other                     ,89
Mike DeSimone     ,Otskhanuri Sapere         ,90
Mike DeSimone     ,Papaskarasi               ,86
Mike DeSimone     ,Petit Verdot              ,90
Mike DeSimone     ,Petite Sirah              ,90
Mike DeSimone     ,Pinot Gris                ,90
Mike DeSimone     ,Pinot Noir                ,89
Mike DeSimone     ,Red Blend                 ,89
Mike DeSimone     ,RhÃ´ne-style Red Blend    ,91
Mike DeSimone     ,RhÃ´ne-style White Blend  ,85
Mike DeSimone     ,Riesling                  ,90
Mike DeSimone     ,Rkatsiteli                ,86
Mike DeSimone     ,RosÃ©                     ,87
Mike DeSimone     ,Roussanne-Marsanne        ,88
Mike DeSimone     ,Sangiovese                ,90
Mike DeSimone     ,Saperavi                  ,89
Mike DeSimone     ,Saperavi-Merlot           ,90
Mike DeSimone     ,Sauvignon Blanc           ,88
Mike DeSimone     ,Sauvignon Blanc-Semillon  ,86
Mike DeSimone     ,Shiraz                    ,90
Mike DeSimone     ,Sparkling Blend           ,86
Mike DeSimone     ,Syrah                     ,90
Mike DeSimone     ,Syrah-Cabernet Sauvignon  ,91
Mike DeSimone     ,Syrah-Grenache            ,90
Mike DeSimone     ,Syrah-Merlot              ,89
Mike DeSimone     ,Syrah-MourvÃ¨dre          ,90
Mike DeSimone     ,Tsolikouri                ,87
Mike DeSimone     ,Viognier                  ,88
Mike DeSimone     ,White Blend               ,87
Mike DeSimone     ,Yapincak                  ,85
Mike DeSimone     ,Ã‡alkarasÄ±               ,86
Paul Gregutt      ,AlbariÃ±o                 ,89
Paul Gregutt      ,AligotÃ©                  ,87
Paul Gregutt      ,Arneis                    ,89
Paul Gregutt      ,Auxerrois                 ,89
Paul Gregutt      ,Baco Noir                 ,86
Paul Gregutt      ,Barbera                   ,86
Paul Gregutt      ,Barbera-Nebbiolo          ,87
Paul Gregutt      ,Black Muscat              ,88
Paul Gregutt      ,BlaufrÃ¤nkisch            ,85
Paul Gregutt      ,Bordeaux-style Red Blend  ,90
Paul Gregutt      ,Bordeaux-style White Blend,89
Paul Gregutt      ,Cabernet Blend            ,84
Paul Gregutt      ,Cabernet Franc            ,88
Paul Gregutt      ,Cabernet Franc-Merlot     ,91
Paul Gregutt      ,Cabernet Merlot           ,85
Paul Gregutt      ,Cabernet Sauvignon        ,89
Paul Gregutt      ,Cabernet Sauvignon-Caberne,91
Paul Gregutt      ,Cabernet Sauvignon-Malbec ,88
Paul Gregutt      ,Cabernet Sauvignon-Merlot ,89
Paul Gregutt      ,Cabernet Sauvignon-Sangiov,92
Paul Gregutt      ,Cabernet Sauvignon-Syrah  ,92
Paul Gregutt      ,Cabernet-Syrah            ,89
Paul Gregutt      ,Carignan-Grenache         ,88
Paul Gregutt      ,CarmenÃ¨re                ,87
Paul Gregutt      ,Cayuga                    ,84
Paul Gregutt      ,Champagne Blend           ,88
Paul Gregutt      ,Chardonnay                ,89
Paul Gregutt      ,Chardonnay-Pinot Blanc    ,88
Paul Gregutt      ,Chasselas                 ,90
Paul Gregutt      ,Chenin Blanc              ,88
Paul Gregutt      ,Cinsault                  ,87
Paul Gregutt      ,Claret                    ,85
Paul Gregutt      ,Counoise                  ,88
Paul Gregutt      ,Dolcetto                  ,88
Paul Gregutt      ,Edelzwicker               ,90
Paul Gregutt      ,FumÃ© Blanc               ,86
Paul Gregutt      ,G-S-M                     ,89
Paul Gregutt      ,Gamay                     ,89
Paul Gregutt      ,Gamay Noir                ,87
Paul Gregutt      ,Garnacha                  ,87
Paul Gregutt      ,GewÃ¼rztraminer           ,88
Paul Gregutt      ,GewÃ¼rztraminer-Riesling  ,91
Paul Gregutt      ,Graciano                  ,90
Paul Gregutt      ,Grenache                  ,89
Paul Gregutt      ,Grenache Blanc            ,89
Paul Gregutt      ,Grenache-Carignan         ,89
Paul Gregutt      ,GrÃ¼ner Veltliner         ,88
Paul Gregutt      ,Johannisberg Riesling     ,87
Paul Gregutt      ,Lagrein                   ,86
Paul Gregutt      ,Lemberger                 ,87
Paul Gregutt      ,Madeleine Angevine        ,86
Paul Gregutt      ,Malbec                    ,88
Paul Gregutt      ,Malbec-Tannat             ,91
Paul Gregutt      ,Marsanne                  ,88
Paul Gregutt      ,Marsanne-Roussanne        ,87
Paul Gregutt      ,Melon                     ,88
Paul Gregutt      ,Meritage                  ,89
Paul Gregutt      ,Merlot                    ,88
Paul Gregutt      ,Merlot-Cabernet           ,88
Paul Gregutt      ,Merlot-Cabernet Franc     ,91
Paul Gregutt      ,Merlot-Cabernet Sauvignon ,87
Paul Gregutt      ,Monastrell                ,87
Paul Gregutt      ,Mondeuse                  ,87
Paul Gregutt      ,Morio Muskat              ,87
Paul Gregutt      ,Moscato                   ,86
Paul Gregutt      ,MourvÃ¨dre                ,89
Paul Gregutt      ,MourvÃ¨dre-Syrah          ,87
Paul Gregutt      ,Muscat                    ,87
Paul Gregutt      ,Muscat Canelli            ,91
Paul Gregutt      ,MÃ¼ller-Thurgau           ,85
Paul Gregutt      ,Nebbiolo                  ,86
Paul Gregutt      ,Orange Muscat             ,86
Paul Gregutt      ,Petit Verdot              ,88
Paul Gregutt      ,Petite Sirah              ,87
Paul Gregutt      ,Petite Verdot             ,90
Paul Gregutt      ,Pinot Auxerrois           ,89
Paul Gregutt      ,Pinot Blanc               ,88
Paul Gregutt      ,Pinot Blanc-Pinot Noir    ,85
Paul Gregutt      ,Pinot Grigio              ,86
Paul Gregutt      ,Pinot Gris                ,88
Paul Gregutt      ,Pinot Meunier             ,88
Paul Gregutt      ,Pinot Noir                ,89
Paul Gregutt      ,Pinot Noir-Syrah          ,90
Paul Gregutt      ,Pinot-Chardonnay          ,89
Paul Gregutt      ,Pinotage                  ,88
Paul Gregutt      ,Port                      ,93
Paul Gregutt      ,Primitivo                 ,86
Paul Gregutt      ,Prosecco                  ,88
Paul Gregutt      ,Red Blend                 ,88
Paul Gregutt      ,RhÃ´ne-style Red Blend    ,89
Paul Gregutt      ,RhÃ´ne-style White Blend  ,90
Paul Gregutt      ,Riesling                  ,89
Paul Gregutt      ,RosÃ©                     ,87
Paul Gregutt      ,Roussanne                 ,89
Paul Gregutt      ,Roussanne-Viognier        ,86
Paul Gregutt      ,Sangiovese                ,87
Paul Gregutt      ,Sangiovese Cabernet       ,85
Paul Gregutt      ,Sauvignon Blanc           ,88
Paul Gregutt      ,Sauvignon Blanc-Semillon  ,89
Paul Gregutt      ,Semillon-Chardonnay       ,85
Paul Gregutt      ,Semillon-Sauvignon Blanc  ,89
Paul Gregutt      ,Shiraz                    ,85
Paul Gregutt      ,Siegerrebe                ,84
Paul Gregutt      ,Sparkling Blend           ,87
Paul Gregutt      ,Syrah                     ,89
Paul Gregutt      ,Syrah-Cabernet            ,89
Paul Gregutt      ,Syrah-Cabernet Sauvignon  ,89
Paul Gregutt      ,Syrah-Grenache            ,90
Paul Gregutt      ,Syrah-MourvÃ¨dre          ,85
Paul Gregutt      ,Syrah-Petite Sirah        ,84
Paul Gregutt      ,SÃ©millon                 ,90
Paul Gregutt      ,Tannat                    ,89
Paul Gregutt      ,Tempranillo               ,87
Paul Gregutt      ,Tempranillo-Cabernet Sauvi,91
Paul Gregutt      ,Tempranillo-Garnacha      ,87
Paul Gregutt      ,Tempranillo-Syrah         ,91
Paul Gregutt      ,Tinta Amarela             ,90
Paul Gregutt      ,Touriga Nacional          ,91
Paul Gregutt      ,Touriga Nacional Blend    ,93
Paul Gregutt      ,Vermentino                ,86
Paul Gregutt      ,Vidal                     ,91
Paul Gregutt      ,Viognier                  ,89
Paul Gregutt      ,Viognier-GewÃ¼rztraminer  ,86
Paul Gregutt      ,Viognier-Marsanne         ,86
Paul Gregutt      ,Viognier-Roussanne        ,88
Paul Gregutt      ,White Blend               ,88
Paul Gregutt      ,White Riesling            ,90
Paul Gregutt      ,Zinfandel                 ,87
Paul Gregutt      ,Zweigelt                  ,86
Roger Voss        ,Abouriou                  ,89
Roger Voss        ,Alfrocheiro               ,88
Roger Voss        ,Alicante Bouschet         ,89
Roger Voss        ,AligotÃ©                  ,86
Roger Voss        ,Alsace white blend        ,85
Roger Voss        ,Altesse                   ,88
Roger Voss        ,AlvarelhÃ£o               ,88
Roger Voss        ,Alvarinho                 ,88
Roger Voss        ,Alvarinho-Chardonnay      ,87
Roger Voss        ,AntÃ£o Vaz                ,87
Roger Voss        ,Aragonez                  ,87
Roger Voss        ,AragonÃªs                 ,88
Roger Voss        ,Arinto                    ,87
Roger Voss        ,Austrian Red Blend        ,89
Roger Voss        ,Austrian white blend      ,89
Roger Voss        ,Auxerrois                 ,86
Roger Voss        ,Avesso                    ,88
Roger Voss        ,Azal                      ,86
Roger Voss        ,Baga                      ,90
Roger Voss        ,Baga-Touriga Nacional     ,91
Roger Voss        ,Bastardo                  ,86
Roger Voss        ,Biancu Gentile            ,89
Roger Voss        ,Bical                     ,86
Roger Voss        ,BlaufrÃ¤nkisch            ,88
Roger Voss        ,Bordeaux-style Red Blend  ,88
Roger Voss        ,Bordeaux-style White Blend,88
Roger Voss        ,Braucol                   ,90
Roger Voss        ,Bual                      ,94
Roger Voss        ,Cabernet                  ,85
Roger Voss        ,Cabernet Blend            ,85
Roger Voss        ,Cabernet Franc            ,88
Roger Voss        ,Cabernet Franc-Cabernet Sa,89
Roger Voss        ,Cabernet Merlot           ,86
Roger Voss        ,Cabernet Sauvignon        ,87
Roger Voss        ,Cabernet Sauvignon-Merlot ,85
Roger Voss        ,Cabernet Sauvignon-Syrah  ,90
Roger Voss        ,Cabernet-Syrah            ,89
Roger Voss        ,Carcajolu                 ,88
Roger Voss        ,Carignan                  ,89
Roger Voss        ,CastelÃ£o                 ,87
Roger Voss        ,Cerceal                   ,89
Roger Voss        ,Cercial                   ,88
Roger Voss        ,Champagne Blend           ,90
Roger Voss        ,Chardonnay                ,89
Roger Voss        ,Chardonnay Weissburgunder ,94
Roger Voss        ,Chardonnay-Pinot Blanc    ,90
Roger Voss        ,Chardonnay-Pinot Gris     ,85
Roger Voss        ,Chardonnay-Sauvignon      ,86
Roger Voss        ,Chardonnay-Sauvignon Blanc,88
Roger Voss        ,Chardonnay-Viognier       ,87
Roger Voss        ,Chasselas                 ,88
Roger Voss        ,Chenin Blanc              ,89
Roger Voss        ,Chenin Blanc-Chardonnay   ,88
Roger Voss        ,Colombard                 ,85
Roger Voss        ,Colombard-Sauvignon Blanc ,85
Roger Voss        ,Colombard-Ugni Blanc      ,85
Roger Voss        ,CÃ³dega do Larinho        ,87
Roger Voss        ,Duras                     ,88
Roger Voss        ,EkigaÃ¯na                 ,85
Roger Voss        ,Encruzado                 ,89
Roger Voss        ,Espadeiro                 ,84
Roger Voss        ,Fer Servadou              ,87
Roger Voss        ,FernÃ£o Pires             ,87
Roger Voss        ,Folle Blanche             ,85
Roger Voss        ,Gamay                     ,88
Roger Voss        ,Gamay Noir                ,87
Roger Voss        ,Garganega                 ,86
Roger Voss        ,Gelber Muskateller        ,88
Roger Voss        ,GewÃ¼rztraminer           ,88
Roger Voss        ,GewÃ¼rztraminer-Riesling  ,82
Roger Voss        ,Gouveio                   ,88
Roger Voss        ,Grauburgunder             ,89
Roger Voss        ,Grenache                  ,84
Roger Voss        ,Grenache Blanc            ,89
Roger Voss        ,Grolleau                  ,87
Roger Voss        ,Gros and Petit Manseng    ,89
Roger Voss        ,Gros Manseng              ,88
Roger Voss        ,Gros Plant                ,86
Roger Voss        ,GrÃ¼ner Veltliner         ,89
Roger Voss        ,JacquÃ¨re                 ,87
Roger Voss        ,Jaen                      ,90
Roger Voss        ,Jampal                    ,88
Roger Voss        ,Loin de l'Oeil            ,91
Roger Voss        ,Loureiro                  ,87
Roger Voss        ,Loureiro-Arinto           ,86
Roger Voss        ,Madeira Blend             ,88
Roger Voss        ,Malbec                    ,89
Roger Voss        ,Malbec Blend              ,88
Roger Voss        ,Malbec-Cabernet Franc     ,85
Roger Voss        ,Malbec-Merlot             ,88
Roger Voss        ,Malbec-Tannat             ,92
Roger Voss        ,Malvasia                  ,88
Roger Voss        ,Malvasia Fina             ,88
Roger Voss        ,Mansois                   ,87
Roger Voss        ,Maria Gomes               ,88
Roger Voss        ,Maria Gomes-Bical         ,86
Roger Voss        ,Mauzac                    ,86
Roger Voss        ,Melon                     ,88
Roger Voss        ,Merlot                    ,87
Roger Voss        ,Merlot-Cabernet           ,88
Roger Voss        ,Merlot-Cabernet Franc     ,88
Roger Voss        ,Merlot-Cabernet Sauvignon ,86
Roger Voss        ,Merlot-Malbec             ,86
Roger Voss        ,Merlot-Syrah              ,88
Roger Voss        ,Merlot-Tannat             ,89
Roger Voss        ,Mondeuse                  ,86
Roger Voss        ,Moscatel                  ,89
Roger Voss        ,Moscatel GraÃºdo          ,87
Roger Voss        ,Moscatel Roxo             ,89
Roger Voss        ,Moscato                   ,87
Roger Voss        ,MourvÃ¨dre                ,91
Roger Voss        ,Muscadel                  ,88
Roger Voss        ,Muscadelle                ,90
Roger Voss        ,Muscat                    ,88
Roger Voss        ,Muskat Ottonel            ,87
Roger Voss        ,MÃ¼ller-Thurgau           ,87
Roger Voss        ,Negrette                  ,88
Roger Voss        ,Nielluciu                 ,89
Roger Voss        ,Ondenc                    ,90
Roger Voss        ,Petit Courbu              ,88
Roger Voss        ,Petit Manseng             ,91
Roger Voss        ,Petit Meslier             ,89
Roger Voss        ,Petit Verdot              ,90
Roger Voss        ,Petite Verdot             ,88
Roger Voss        ,Pinot Auxerrois           ,85
Roger Voss        ,Pinot Bianco              ,87
Roger Voss        ,Pinot Blanc               ,86
Roger Voss        ,Pinot Blanc-Chardonnay    ,88
Roger Voss        ,Pinot Grigio              ,86
Roger Voss        ,Pinot Gris                ,88
Roger Voss        ,Pinot Meunier             ,90
Roger Voss        ,Pinot Noir                ,89
Roger Voss        ,Pinot Noir-Gamay          ,85
Roger Voss        ,Port                      ,89
Roger Voss        ,Portuguese Red            ,88
Roger Voss        ,Portuguese RosÃ©          ,84
Roger Voss        ,Portuguese Sparkling      ,86
Roger Voss        ,Portuguese White          ,86
Roger Voss        ,Poulsard                  ,87
Roger Voss        ,Provence red blend        ,89
Roger Voss        ,Provence white blend      ,88
Roger Voss        ,Prunelard                 ,91
Roger Voss        ,Rabigato                  ,89
Roger Voss        ,Ramisco                   ,93
Roger Voss        ,Red Blend                 ,88
Roger Voss        ,RhÃ´ne-style Red Blend    ,90
Roger Voss        ,RhÃ´ne-style White Blend  ,89
Roger Voss        ,Ribolla Gialla            ,86
Roger Voss        ,Riesling                  ,89
Roger Voss        ,Rolle                     ,88
Roger Voss        ,Romorantin                ,90
Roger Voss        ,Rosado                    ,86
Roger Voss        ,Rosenmuskateller          ,92
Roger Voss        ,RosÃ©                     ,86
Roger Voss        ,Roter Traminer            ,90
Roger Voss        ,Roter Veltliner           ,87
Roger Voss        ,Rotgipfler                ,88
Roger Voss        ,Roussanne                 ,90
Roger Voss        ,Sacy                      ,86
Roger Voss        ,Sangiovese                ,90
Roger Voss        ,Sauvignon                 ,91
Roger Voss        ,Sauvignon Blanc           ,88
Roger Voss        ,Sauvignon Blanc-Chardonnay,89
Roger Voss        ,Sauvignon Blanc-Sauvignon ,86
Roger Voss        ,Sauvignon Blanc-Semillon  ,86
Roger Voss        ,Sauvignon Gris            ,87
Roger Voss        ,Sauvignon-SÃ©millon       ,86
Roger Voss        ,Savagnin                  ,89
Roger Voss        ,Scheurebe                 ,91
Roger Voss        ,Sciaccerellu              ,88
Roger Voss        ,Semillon-Sauvignon Blanc  ,86
Roger Voss        ,Sercial                   ,94
Roger Voss        ,Shiraz                    ,90
Roger Voss        ,Siria                     ,87
Roger Voss        ,SousÃ£o                   ,88
Roger Voss        ,Sparkling Blend           ,86
Roger Voss        ,St. Laurent               ,88
Roger Voss        ,Sylvaner                  ,86
Roger Voss        ,Syrah                     ,88
Roger Voss        ,Syrah-Merlot              ,86
Roger Voss        ,SÃ¤mling                  ,92
Roger Voss        ,SÃ©millon                 ,88
Roger Voss        ,Tannat                    ,91
Roger Voss        ,Tannat-Cabernet           ,90
Roger Voss        ,Tannat-Cabernet Franc     ,91
Roger Voss        ,Tannat-Merlot             ,89
Roger Voss        ,Tannat-Syrah              ,87
Roger Voss        ,Terrantez                 ,95
Roger Voss        ,Tinta Barroca             ,86
Roger Voss        ,Tinta Cao                 ,90
Roger Voss        ,Tinta Francisca           ,90
Roger Voss        ,Tinta MiÃºda              ,87
Roger Voss        ,Tinta Negra Mole          ,92
Roger Voss        ,Tinta Roriz               ,88
Roger Voss        ,Tocai                     ,90
Roger Voss        ,Touriga Franca            ,88
Roger Voss        ,Touriga Nacional          ,89
Roger Voss        ,Touriga Nacional Blend    ,88
Roger Voss        ,Touriga Nacional-Cabernet ,88
Roger Voss        ,Traminer                  ,89
Roger Voss        ,Trincadeira               ,87
Roger Voss        ,Trousseau                 ,87
Roger Voss        ,Ugni Blanc-Colombard      ,85
Roger Voss        ,Verdelho                  ,87
Roger Voss        ,Vermentino                ,87
Roger Voss        ,VinhÃ£o                   ,86
Roger Voss        ,Viognier                  ,88
Roger Voss        ,Viognier-Chardonnay       ,88
Roger Voss        ,Viosinho                  ,88
Roger Voss        ,Vital                     ,90
Roger Voss        ,Weissburgunder            ,88
Roger Voss        ,Welschriesling            ,89
Roger Voss        ,White Blend               ,87
Roger Voss        ,White Port                ,86
Roger Voss        ,Zierfandler               ,90
Roger Voss        ,Zweigelt                  ,87
Sean P. Sullivan  ,AlbariÃ±o                 ,86
Sean P. Sullivan  ,AligotÃ©                  ,87
Sean P. Sullivan  ,Auxerrois                 ,90
Sean P. Sullivan  ,Baco Noir                 ,84
Sean P. Sullivan  ,Barbera                   ,88
Sean P. Sullivan  ,BlaufrÃ¤nkisch            ,86
Sean P. Sullivan  ,Bordeaux-style Red Blend  ,90
Sean P. Sullivan  ,Bordeaux-style White Blend,88
Sean P. Sullivan  ,Cabernet                  ,88
Sean P. Sullivan  ,Cabernet Franc            ,89
Sean P. Sullivan  ,Cabernet Franc-Merlot     ,91
Sean P. Sullivan  ,Cabernet Merlot           ,84
Sean P. Sullivan  ,Cabernet Sauvignon        ,89
Sean P. Sullivan  ,Cabernet Sauvignon-Caberne,86
Sean P. Sullivan  ,Cabernet Sauvignon-Merlot ,86
Sean P. Sullivan  ,Cabernet Sauvignon-Syrah  ,89
Sean P. Sullivan  ,Carignan-Grenache         ,89
Sean P. Sullivan  ,CarmenÃ¨re                ,88
Sean P. Sullivan  ,Chardonnay                ,87
Sean P. Sullivan  ,Chardonnay-Viognier       ,85
Sean P. Sullivan  ,Chenin Blanc              ,88
Sean P. Sullivan  ,Cinsault                  ,89
Sean P. Sullivan  ,Claret                    ,89
Sean P. Sullivan  ,Counoise                  ,88
Sean P. Sullivan  ,Dolcetto                  ,88
Sean P. Sullivan  ,G-S-M                     ,89
Sean P. Sullivan  ,Garnacha                  ,90
Sean P. Sullivan  ,Garnacha Blanca           ,89
Sean P. Sullivan  ,GewÃ¼rztraminer           ,87
Sean P. Sullivan  ,Graciano                  ,92
Sean P. Sullivan  ,Grenache                  ,90
Sean P. Sullivan  ,Grenache Blanc            ,88
Sean P. Sullivan  ,Grenache-Carignan         ,91
Sean P. Sullivan  ,Grenache-Syrah            ,93
Sean P. Sullivan  ,GrÃ¼ner Veltliner         ,88
Sean P. Sullivan  ,Lemberger                 ,86
Sean P. Sullivan  ,Madeleine Angevine        ,85
Sean P. Sullivan  ,Malbec                    ,88
Sean P. Sullivan  ,Malbec-Cabernet Sauvignon ,92
Sean P. Sullivan  ,Malbec-Merlot             ,88
Sean P. Sullivan  ,Marsanne                  ,88
Sean P. Sullivan  ,Marsanne-Roussanne        ,89
Sean P. Sullivan  ,Marsanne-Viognier         ,89
Sean P. Sullivan  ,Meritage                  ,89
Sean P. Sullivan  ,Merlot                    ,88
Sean P. Sullivan  ,Merlot-Cabernet Franc     ,89
Sean P. Sullivan  ,Merlot-Cabernet Sauvignon ,84
Sean P. Sullivan  ,Monastrell                ,91
Sean P. Sullivan  ,Moscato                   ,86
Sean P. Sullivan  ,MourvÃ¨dre                ,89
Sean P. Sullivan  ,Muscat                    ,87
Sean P. Sullivan  ,Muscat Blanc              ,81
Sean P. Sullivan  ,Muscat Canelli            ,87
Sean P. Sullivan  ,Nebbiolo                  ,87
Sean P. Sullivan  ,Petit Verdot              ,89
Sean P. Sullivan  ,Petite Sirah              ,88
Sean P. Sullivan  ,Petite Verdot             ,89
Sean P. Sullivan  ,Picpoul                   ,90
Sean P. Sullivan  ,Pinot Blanc               ,88
Sean P. Sullivan  ,Pinot Grigio              ,86
Sean P. Sullivan  ,Pinot Gris                ,86
Sean P. Sullivan  ,Pinot Gris-GewÃ¼rztraminer,90
Sean P. Sullivan  ,Pinot Noir                ,87
Sean P. Sullivan  ,Primitivo                 ,87
Sean P. Sullivan  ,Red Blend                 ,88
Sean P. Sullivan  ,RhÃ´ne-style Red Blend    ,90
Sean P. Sullivan  ,RhÃ´ne-style White Blend  ,88
Sean P. Sullivan  ,Riesling                  ,87
Sean P. Sullivan  ,RosÃ©                     ,87
Sean P. Sullivan  ,Roussanne                 ,88
Sean P. Sullivan  ,Sagrantino                ,87
Sean P. Sullivan  ,Sangiovese                ,87
Sean P. Sullivan  ,Sangiovese Grosso         ,87
Sean P. Sullivan  ,Sangiovese-Cabernet Sauvig,87
Sean P. Sullivan  ,Sauvignon Blanc           ,86
Sean P. Sullivan  ,Sauvignon Blanc-Chenin Bla,87
Sean P. Sullivan  ,Sauvignon Blanc-Semillon  ,88
Sean P. Sullivan  ,Semillon-Sauvignon Blanc  ,89
Sean P. Sullivan  ,Shiraz                    ,86
Sean P. Sullivan  ,Souzao                    ,86
Sean P. Sullivan  ,Sparkling Blend           ,87
Sean P. Sullivan  ,Syrah                     ,90
Sean P. Sullivan  ,Syrah-Cabernet Sauvignon  ,90
Sean P. Sullivan  ,Syrah-Grenache            ,89
Sean P. Sullivan  ,Syrah-MourvÃ¨dre          ,86
Sean P. Sullivan  ,Syrah-Petite Sirah        ,90
Sean P. Sullivan  ,SÃ©millon                 ,87
Sean P. Sullivan  ,Tannat                    ,86
Sean P. Sullivan  ,Tempranillo               ,87
Sean P. Sullivan  ,Touriga Nacional          ,87
Sean P. Sullivan  ,Vermentino                ,87
Sean P. Sullivan  ,Vidal                     ,90
Sean P. Sullivan  ,Vidal Blanc               ,91
Sean P. Sullivan  ,Viognier                  ,87
Sean P. Sullivan  ,Viognier-Roussanne        ,83
Sean P. Sullivan  ,White Blend               ,86
Sean P. Sullivan  ,Zinfandel                 ,88
Sean P. Sullivan  ,Zweigelt                  ,89
Susan Kostrzewa   ,Agiorgitiko               ,87
Susan Kostrzewa   ,Aidani                    ,82
Susan Kostrzewa   ,Assyrtico                 ,88
Susan Kostrzewa   ,Assyrtiko                 ,89
Susan Kostrzewa   ,Athiri                    ,83
Susan Kostrzewa   ,Bordeaux-style Red Blend  ,87
Susan Kostrzewa   ,Cabernet Blend            ,86
Susan Kostrzewa   ,Cabernet Franc            ,84
Susan Kostrzewa   ,Cabernet Merlot           ,86
Susan Kostrzewa   ,Cabernet Sauvignon        ,86
Susan Kostrzewa   ,Cabernet Sauvignon Grenach,87
Susan Kostrzewa   ,Cabernet Sauvignon-Caberne,87
Susan Kostrzewa   ,Cabernet Sauvignon-Merlot ,87
Susan Kostrzewa   ,Cabernet Sauvignon-Syrah  ,88
Susan Kostrzewa   ,Chambourcin               ,83
Susan Kostrzewa   ,Champagne Blend           ,86
Susan Kostrzewa   ,Chardonnay                ,85
Susan Kostrzewa   ,Chenin Blanc              ,86
Susan Kostrzewa   ,Chenin Blanc-Sauvignon Bla,84
Susan Kostrzewa   ,Dafni                     ,85
Susan Kostrzewa   ,Furmint                   ,85
Susan Kostrzewa   ,GewÃ¼rztraminer           ,85
Susan Kostrzewa   ,GewÃ¼rztraminer-Riesling  ,83
Susan Kostrzewa   ,Grenache                  ,84
Susan Kostrzewa   ,Kekfrankos                ,82
Susan Kostrzewa   ,Kotsifali                 ,92
Susan Kostrzewa   ,Malagousia                ,88
Susan Kostrzewa   ,Malagouzia                ,88
Susan Kostrzewa   ,Malagouzia-Chardonnay     ,86
Susan Kostrzewa   ,Malvasia                  ,85
Susan Kostrzewa   ,Mandilaria                ,88
Susan Kostrzewa   ,Mavrodaphne               ,86
Susan Kostrzewa   ,Mavrokalavryta            ,86
Susan Kostrzewa   ,Mavrotragano              ,90
Susan Kostrzewa   ,Mavroudi                  ,87
Susan Kostrzewa   ,Mavrud                    ,85
Susan Kostrzewa   ,Meritage                  ,84
Susan Kostrzewa   ,Merlot                    ,86
Susan Kostrzewa   ,Merlot-Cabernet Sauvignon ,87
Susan Kostrzewa   ,Moschofilero              ,88
Susan Kostrzewa   ,Moschofilero-Chardonnay   ,85
Susan Kostrzewa   ,MourvÃ¨dre                ,84
Susan Kostrzewa   ,Muscat                    ,87
Susan Kostrzewa   ,Muscat Blanc              ,90
Susan Kostrzewa   ,Muscat of Alexandria      ,85
Susan Kostrzewa   ,Muskat Ottonel            ,83
Susan Kostrzewa   ,Nebbiolo                  ,81
Susan Kostrzewa   ,Pinot Grigio              ,84
Susan Kostrzewa   ,Pinot Gris                ,85
Susan Kostrzewa   ,Pinot Noir                ,86
Susan Kostrzewa   ,Pinotage                  ,87
Susan Kostrzewa   ,Plyto                     ,87
Susan Kostrzewa   ,Red Blend                 ,86
Susan Kostrzewa   ,RhÃ´ne-style Red Blend    ,89
Susan Kostrzewa   ,Riesling                  ,85
Susan Kostrzewa   ,Robola                    ,87
Susan Kostrzewa   ,Roditis                   ,86
Susan Kostrzewa   ,Roditis-Moschofilero      ,88
Susan Kostrzewa   ,RosÃ©                     ,86
Susan Kostrzewa   ,Sauvignon                 ,88
Susan Kostrzewa   ,Sauvignon Blanc           ,86
Susan Kostrzewa   ,Sauvignon Blanc-Assyrtiko ,92
Susan Kostrzewa   ,Savatiano                 ,87
Susan Kostrzewa   ,Shiraz                    ,87
Susan Kostrzewa   ,Sideritis                 ,85
Susan Kostrzewa   ,Sparkling Blend           ,86
Susan Kostrzewa   ,Syrah                     ,87
Susan Kostrzewa   ,SÃ©millon                 ,87
Susan Kostrzewa   ,Tannat                    ,88
Susan Kostrzewa   ,Tempranillo               ,84
Susan Kostrzewa   ,Thrapsathiri              ,88
Susan Kostrzewa   ,Tokaji                    ,91
Susan Kostrzewa   ,Traminer                  ,84
Susan Kostrzewa   ,Tsapournakos              ,90
Susan Kostrzewa   ,Vidal Blanc               ,87
Susan Kostrzewa   ,Vignoles                  ,85
Susan Kostrzewa   ,Vilana                    ,86
Susan Kostrzewa   ,Viognier                  ,85
Susan Kostrzewa   ,Vranec                    ,84
Susan Kostrzewa   ,White Blend               ,86
Susan Kostrzewa   ,Xinisteri                 ,89
Susan Kostrzewa   ,Xinomavro                 ,86
Susan Kostrzewa   ,Xynisteri                 ,87
Susan Kostrzewa   ,Zlahtina                  ,84
Virginie Boone    ,Abouriou                  ,85
Virginie Boone    ,Aglianico                 ,85
Virginie Boone    ,AlbariÃ±o                 ,89
Virginie Boone    ,Alicante Bouschet         ,89
Virginie Boone    ,AlvarelhÃ£o               ,85
Virginie Boone    ,Arneis                    ,87
Virginie Boone    ,Barbera                   ,87
Virginie Boone    ,Black Muscat              ,89
Virginie Boone    ,Bordeaux-style Red Blend  ,89
Virginie Boone    ,Cabernet Blend            ,89
Virginie Boone    ,Cabernet Franc            ,88
Virginie Boone    ,Cabernet Franc-Merlot     ,89
Virginie Boone    ,Cabernet Sauvignon        ,89
Virginie Boone    ,Cabernet Sauvignon-Caberne,86
Virginie Boone    ,Cabernet Sauvignon-Merlot ,89
Virginie Boone    ,Cabernet Sauvignon-Sangiov,89
Virginie Boone    ,Cabernet Sauvignon-Syrah  ,89
Virginie Boone    ,Cabernet Sauvignon-Tempran,87
Virginie Boone    ,Carignan                  ,88
Virginie Boone    ,Carignane                 ,88
Virginie Boone    ,CarmenÃ¨re                ,87
Virginie Boone    ,Charbono                  ,88
Virginie Boone    ,Chardonnay                ,89
Virginie Boone    ,Chardonnay-Semillon       ,85
Virginie Boone    ,Chardonnay-Viognier       ,87
Virginie Boone    ,Chenin Blanc              ,88
Virginie Boone    ,Chenin Blanc-Viognier     ,85
Virginie Boone    ,Cinsault                  ,89
Virginie Boone    ,Claret                    ,89
Virginie Boone    ,Colombard                 ,88
Virginie Boone    ,Dolcetto                  ,88
Virginie Boone    ,Fiano                     ,91
Virginie Boone    ,FumÃ© Blanc               ,89
Virginie Boone    ,G-S-M                     ,89
Virginie Boone    ,Garnacha                  ,89
Virginie Boone    ,GewÃ¼rztraminer           ,89
Virginie Boone    ,Graciano                  ,89
Virginie Boone    ,Grenache                  ,89
Virginie Boone    ,Grenache Blanc            ,89
Virginie Boone    ,Grenache Blend            ,88
Virginie Boone    ,Grenache-MourvÃ¨dre       ,87
Virginie Boone    ,Grenache-Syrah            ,90
Virginie Boone    ,GrÃ¼ner Veltliner         ,90
Virginie Boone    ,Lagrein                   ,86
Virginie Boone    ,Malbec                    ,88
Virginie Boone    ,Malvasia Bianca           ,87
Virginie Boone    ,Marsanne                  ,87
Virginie Boone    ,Marsanne-Roussanne        ,85
Virginie Boone    ,Meritage                  ,87
Virginie Boone    ,Merlot                    ,88
Virginie Boone    ,Merlot-Cabernet           ,92
Virginie Boone    ,Merlot-Cabernet Franc     ,89
Virginie Boone    ,Merlot-Cabernet Sauvignon ,87
Virginie Boone    ,Mission                   ,90
Virginie Boone    ,Monastrell                ,91
Virginie Boone    ,Montepulciano             ,88
Virginie Boone    ,Moscato                   ,87
Virginie Boone    ,Moscato Giallo            ,94
Virginie Boone    ,MourvÃ¨dre                ,90
Virginie Boone    ,Muscadine                 ,85
Virginie Boone    ,Muscat                    ,89
Virginie Boone    ,Muscat Blanc              ,87
Virginie Boone    ,Muscat Canelli            ,88
Virginie Boone    ,Nebbiolo                  ,88
Virginie Boone    ,Nero d'Avola              ,91
Virginie Boone    ,Petit Verdot              ,88
Virginie Boone    ,Petite Sirah              ,88
Virginie Boone    ,Petite Verdot             ,85
Virginie Boone    ,Picpoul                   ,90
Virginie Boone    ,Pinot Blanc               ,87
Virginie Boone    ,Pinot Blanc-Viognier      ,87
Virginie Boone    ,Pinot Grigio              ,86
Virginie Boone    ,Pinot Gris                ,88
Virginie Boone    ,Pinot Meunier             ,87
Virginie Boone    ,Pinot Noir                ,90
Virginie Boone    ,Pinot-Chardonnay          ,89
Virginie Boone    ,Pinotage                  ,87
Virginie Boone    ,Port                      ,88
Virginie Boone    ,Primitivo                 ,86
Virginie Boone    ,Red Blend                 ,88
Virginie Boone    ,RhÃ´ne-style Red Blend    ,89
Virginie Boone    ,RhÃ´ne-style White Blend  ,88
Virginie Boone    ,Ribolla Gialla            ,86
Virginie Boone    ,Riesling                  ,88
Virginie Boone    ,RosÃ©                     ,88
Virginie Boone    ,Roussanne                 ,88
Virginie Boone    ,Roussanne-Viognier        ,90
Virginie Boone    ,Sagrantino                ,87
Virginie Boone    ,Sangiovese                ,87
Virginie Boone    ,Sangiovese Cabernet       ,87
Virginie Boone    ,Sangiovese-Syrah          ,87
Virginie Boone    ,Sauvignon Blanc           ,88
Virginie Boone    ,Sauvignon Blanc-Semillon  ,87
Virginie Boone    ,Sauvignon Gris            ,90
Virginie Boone    ,Scheurebe                 ,91
Virginie Boone    ,Semillon-Sauvignon Blanc  ,90
Virginie Boone    ,Shiraz                    ,92
Virginie Boone    ,Sparkling Blend           ,90
Virginie Boone    ,Syrah                     ,89
Virginie Boone    ,Syrah-Cabernet Sauvignon  ,85
Virginie Boone    ,Syrah-Grenache            ,90
Virginie Boone    ,Syrah-Grenache-Viognier   ,90
Virginie Boone    ,Syrah-Petite Sirah        ,89
Virginie Boone    ,Syrah-Tempranillo         ,90
Virginie Boone    ,Syrah-Viognier            ,92
Virginie Boone    ,SÃ©millon                 ,87
Virginie Boone    ,Tannat                    ,87
Virginie Boone    ,Tempranillo               ,87
Virginie Boone    ,Tempranillo Blend         ,86
Virginie Boone    ,Tempranillo-Cabernet Sauvi,93
Virginie Boone    ,Teroldego                 ,87
Virginie Boone    ,Tocai Friulano            ,86
Virginie Boone    ,Touriga Nacional          ,87
Virginie Boone    ,Trousseau Gris            ,93
Virginie Boone    ,ValdiguiÃ©                ,88
Virginie Boone    ,Verdejo                   ,85
Virginie Boone    ,Verdelho                  ,86
Virginie Boone    ,Vermentino                ,87
Virginie Boone    ,Viognier                  ,88
Virginie Boone    ,White Blend               ,88
Virginie Boone    ,Zinfandel                 ,88
